link,sha
https://github.com/allenai/ai2thor,1a0a95c0c150cfb80f46923d9c8628d87a3238c1
https://github.com/sopel-irc/sopel,c7693caef4cf3280f42d2dcef4c788e11c5402eb
https://github.com/JeffLIrion/adb_shell,a0b8f8a2fabb2bb37b59a0bb7a260f7b8e79cc60
https://github.com/QuarkChain/pyquarkchain,242ce0ace2cbb3716c1b31d0e3d015fa9cb9273e
https://github.com/bwhmather/ssort,ca350f4d8150b1c963aeab5bfee2a25dfec737bc
https://github.com/PacktPublishing/Mastering-Object-Oriented-Python-Second-Edition,f6d6517952d51e75c5e086f4c19d1e52500cf261
https://github.com/gabrieltseng/datascience-projects,cb79fe23b573977f57a41b4b2cba67b6aec10d2f
https://github.com/izderadicka/mybookshelf2,33f7f889ddc1117e7a4150419f87a0e070b789bc
https://github.com/spedagadi/yocto-tinkerboard,5a932067c405c725cad2feb7b10778f660bdc76a
https://github.com/mhils/r8,ed8d50930146f5b9c93f8dcc6c318985f43a156b
https://github.com/ldv-klever/klever,dc714a315db1316b9a6728d09ac90074cec7687c
https://github.com/YoeDistro/poky-old,5127df17c071b28134e6a77130824a58c191a7da
https://github.com/phlong3105/mon,6f7afbfec580054b685dfe5bee420984664d21d8
https://github.com/ThanasisMattas/shortestpaths,b05b6a424ddf0cb20129a0cf1579d24e3342e778
https://github.com/alengwenus/pypck,3aec239c8311141edce7333ad3d682c3eb4c7b5e
https://github.com/mikem23/koji-playground,c56c73a2e96db7cbfd7a01efd1ed32d1b066c8d2
https://github.com/maurov/xraysloth,e51af99f362389365c23cf9ea67e0fda2324f535
https://github.com/AndersCFR/DataScience_IA_BigData_BI,356dd54d0cfcd27854aad35b8923df795139007d
https://github.com/Phileosopher/ts-learning,aaf58731f83098212cef2084e143e540c2f46b7f
https://github.com/zackees/static-sox,2f5226ac2bcb937e9417c086367a2868ade80051
https://github.com/nickfox-taterli/yocto-imx6-custom,3a76ed96ff56ab2f24c03e847acb821f277458f5
https://github.com/InstituteforDiseaseModeling/idmtools,fe9291b3d496ed31a9aa18eb051230fe6af3b730
https://github.com/pravinashj/openbmc,7172875d0ff922cd36f37a8762ac202c937fa3cb
https://github.com/UrLab/lechbot,3b449c0eec73b283eb2b09b8ef77de74decfac12
https://github.com/Qabel/qabel-infrastructure,7a08fd5bb0627eaf232a4573364b7cd9d8748eaf
https://github.com/wasn-lab/Taillight_Recognition_with_VGG16-WaveNet,89b1092177418a2fa1a7b4db9289b56f36e14e36
https://github.com/liyapenggo/raspberrypi3-openbmc,5565292c61635b74a02f2c86f800ae7f8d528fa0
https://github.com/beagleboard/xuantie-yocto,595af874510e60653147248f6dc9379f1900e546
https://github.com/merlinepedra/THONNY-PYTHON,ce2d5de328cb117b2b0e692eb7fb4c631f784357
https://github.com/ska-sa/aiokatcp,64f36979e1e07ade6f5a13eeb1aa66bcf28175c6
https://github.com/usepat/soniccontrol,bf6401631dcc53c10c1096eb650e499d7871c8d4
https://github.com/vaimalaviya1233/CodeFiles,a90055d27fb1876937adf1a4dd71dbdf844f31bb
https://github.com/karo-electronics/poky,95ece8087d59049b3d9cf19ef186fc36e025401f
https://github.com/ejoerns/poky-nfsroot,f4ca31a4fd1868ad8936f4e860d2c7c352f80134
https://github.com/Kyrillos1/Ekhdm,9e8ad64920349cc1edcc7f0d58be216776b094c6
https://github.com/tht-jxny/MicroPineTime,a33ae5f89314c6e2e22273f6be526a439a15f85f
https://github.com/nsat/poky,5200799866b92259e855051112520006e1aaaac0
https://github.com/mfpx/python-http-server,a2879aeaf3ff65983c772b6d0bbee690014a7f25
https://github.com/tinylambda/keep,d5b38929c954c975240e06d1475d6eea2d7ff350
https://github.com/flask-api/flask-api,fdba680df667662e683bf69e0516e3ffef3f51bc
https://github.com/dbader/schedule,3eac646a8d2658929587d7454bd2c85696df254e
https://github.com/Parsely/streamparse,aabd9d057f0fbf568d29199e3d25a6d30d62f132
https://github.com/faif/python-patterns,cc549613cec8fe824099c5b93aaba9b0639bbeb6
https://github.com/jpadilla/pyjwt,0a99cc2427c751275ea0002acca9ba0c07c25834
https://github.com/arrow-py/arrow,74a759b88447b6ecd9fd5de610f272c8fb6130a2
https://github.com/akfamily/akshare,087025d8d6f799b30ca114013e82c1ad22dc9294
https://github.com/wtforms/wtforms,96021e2574b82820a11a8ff6fa5367aebff88533
https://github.com/0rpc/zerorpc-python,99ee6e47c8baf909b97eec94f184a19405f392a2
https://github.com/gruns/furl,774846234ff803606fdd289a7549f9b50b2b3677
https://github.com/miracle2k/webassets,17d540ef9e0d7ca53aab06322d0e16fd92b59539
https://github.com/stephenmcd/mezzanine,e719286e06b5a9e376896ab7e4c27410c80c1586
https://github.com/scottrogowski/code2flow,c2c22afe5e12f969cc256373bf8f4eec592dc762
https://github.com/ohidurbappy/ScriptKiddy,25bfb2eee29afe5287051494dc1d507a3934aa20
https://github.com/peter/python-content-api,b3221504cff851bb2d5048c870b180046004f2f5
https://github.com/greatabel/PythonRepository,44419dcd17afee5251805b1d2bcb5ccd3098668f
https://github.com/codybum/OpenStackInAction,ff28cc4ee3c1a8d3bbe477d9d6104d2c6e71bf2e
https://github.com/areed1192/sigma-coding,272647166b91dd08a3858251d9d02696bea86be9
https://github.com/downingbots/RLDonkeycar,950cfeceab4fcbcac7b8fc25ccc9fcb0839c1b5e
https://github.com/mjwestcott/pypokertools,cbd07b774d5606abae50dbb32e3d08860f7e94e7
https://github.com/vixen-project/vixen,ef840fd9e2f472aa2f8a7dac5bbca84e245220dd
https://github.com/hexeberlin/help-ukraine-bot,6d9e1cbb00a19154925f852f644de0437ddc8fd8
https://github.com/zj5559/Meta-Updater,7e22d1a4ef784b2ac908df09b42d0c0606daf44e
https://github.com/Pedro-A-D-S/diamonds_price_prediction,fa13641b139defe6269b0a92239a40c25b8124e7
https://github.com/Gaoyuan-Liu/Non-prehensile-Augmented-TAMP,a6e5c61c10139edd17c6486bc014e183d21a28f5
https://github.com/Dikshuy/SMARTS-lite,f2c3e18535694639dd813914cbfe7c8018569bd9
https://github.com/self-supervisor/How_to_stay_curious_while_avoiding_noisy_TVs,37135f7a8c6c2628f95a290b260ce6b5e0a1d1cf
https://github.com/redwoodresearch/Measurement-Tampering,8b1d592c63a27112ebf8ac128e2aee1efbc08a55
https://github.com/piyush-an/DAMG7245-Spring23,af9f62f8c237be36e7e391508c6effd566c35be6
https://github.com/noonosh/curex,971c7b89d7048577955a39d9e696c5114e3ccdb0
https://github.com/flake-it/showflakes-framework,41ad3eb54d33492377042c7a3ccf7e1d8721ebe5
https://github.com/TNO/PRESEIS-dgm-velmod-sampler,b921589d61402920ddf86ffcf14ed304e239bfa2
https://github.com/anthony-zhou/climate_code_conversion,96aac123165e410f5b82a6cb1d6ee46ff4c86fce
https://github.com/swingmx/swingmusic,cb2e98a832e625ae933ec3e10651efa525e88481
https://github.com/parkpow/deep-license-plate-recognition,e080c583d131b1e322e1064e9c7ead7bd7a9a1d5
https://github.com/testdrivenio/flask-celery,5c66be55b203d5a5f0522c5f535f8af121ee753c
https://github.com/sujeetkv/flaskcode,fe8a7b955771ee3afbfcc14d06934b842dc39c02
https://github.com/pydanny/webhooks,3a7c517f590c5eee481a6e741fc5d5938c0c3efd
https://github.com/nginxinc/bank-of-sirius,8fb7e2d2470f9c1862f518d89fec7d8638bb92f6
https://github.com/nils-werner/pymushra,33d49f515a796219269a487fe48c7ca9e1c452da
https://github.com/fuxiAIlab/CivAgent,20d1e12912da4f7c1d682fcae847f643720dd384
https://github.com/singingwolfboy/flask-dance-google-sqla,eb7277dc6445b46e8c842693c1224dcc84d998c0
https://github.com/putuwaw/telegram-bot,bdd46f05658dc5de38499d8818b80caa2c0abaee
https://github.com/AndrewRPorter/flask-react-nginx,24f2bcfcdcd129dae0950b9e2906dfbc96b7cd45
https://github.com/AOSSIE-Org/Social-Street-Smart,ff947c781720e31ae1638d180c55a6c810204e25
https://github.com/openhealthcare/gloss,1d17d133f3954df9cf801078882e626ff3e916d3
https://github.com/kajarosz/bookstore-stock-manager,5f6836e201de5c13240bf80c1b28cdfcc7670b4a
https://github.com/jramcast/devops-testing,200defca52ddeb6b0909aee369ba3e2c74819078
https://github.com/modeemi/website,d6ad8b472934e847588d4866635a930b36df9593
https://github.com/jrohitofficial/Sem_03-Coventry-University,9025d78785741a79f91d83586124eb0d01c40f77
https://github.com/conorbranagan/dicom-uploader,825884dc7937dec8b45528900305854ed2954b4a
https://github.com/Mohammed-Benotmane/Udacity-NanoDegree,9ce49273042f01637685ff7643ecf2b14006b521
https://github.com/plf14/Golf-Handicap,503bded98914b912885e9f501c7b1aab158c5185
https://github.com/BytezoTeam/Eventfully,0c5324e0758817a857386ce114bc33359050353b
https://github.com/ignaziomirto2017/nlpytaly,e196fc790864719010f82f41bee592ad0903dc60
https://github.com/nimakaviani/demo-crypto-bot,59d61cdec675a038d7c0c46f71893a145df59b97
https://github.com/mdsrosa/flask-slacker,3417680dfa2a15336a0747c772cd1e342d50f4d0
https://github.com/RohitSat/cse5914,8364a52d1fab9c04b0d0c9870b57e0f3df77bead
https://github.com/ch1nq/sea2023,01d3b357d90e1d3f4e79fbd465be46c63a2a8498
https://github.com/hacking-papa/nuricame-web,f219f9b08a46fa7f22f1232408806689aee936a7
https://github.com/ungtb10d/bank-of-sirius,5a66556be8539747ea794ead61af80de126f9b1a
https://github.com/emkor/audiopyle,ae61610081d78da9c661dda188334baaee0e2d7e
https://github.com/jere-mie/sans-analysis,31b956f950195608b5a98ada1700234d0eb849f1
https://github.com/semenInRussia/FreeSpotify_back,d00cfffb4c0e5ae519f663a678f5847f3e9523c5
https://github.com/Gia-Corp/TheMovieProject,5a4a44ee00e23cfe6eb5479a48614548c5e59069
https://github.com/TerrenceHo/monorepo,947ddfb21fe3c15b408e59e5f871cadb83151ac7
https://github.com/salimfadhley/sneaky_telegram_client,3115fd1d7c9af342b2cea23d47f52eb0ccbd535a
https://github.com/BarryYin/AlphaTo,5653aed6de38ce4bfbc39080d7eb9576e950fe50
https://github.com/Ritupds/DockerImagehub,09eee15fdc1a0ff187b20689636b6bb6a08580ac
https://github.com/nogibjj/CD_FastAPI_AWS_DY,5cc61509ff9c4714e276427ec409a8110d4dd1ca
https://github.com/clchinkc/SecureEncoder,7b843c0308317d41134bda026375369c23901c82
https://github.com/ljenchik/my-blog,03774561829431775bc5f79b5cc150b21978bb1a
https://github.com/maxvcbhan/demo-mlops,f373c836a08703fa8095e98e4ad576375992142b
https://github.com/ucsb-cs48-w19/6pm-stock-trading,daf70b684c15182753d8ca9b820238cf9cd5b75c
https://github.com/ChapSpace/CourseConstrainSolverBackend,6917506441e6cfd082dd4af85178e99438092a65
https://github.com/lucaswerkmeister/tool-translate-link,c744b4852f49ba770aa1dc76b29c90a5b9c894eb
https://github.com/davef77/davesBookStore,1854270d613a620a414360b84098097334015f02
https://github.com/Allobaba-WebScrapy/Pages-Jaunes,abe8cae788d06640191a2259dc82fc2b217e153a
https://github.com/Emmantheo/stock-price-prediction,34bb2b0b924db05cd63fd653bf1069afd39d8614
https://github.com/jojoDev02/microservice-externo,da27398bf18425b81fa91dc7422149876cec8ca0
https://github.com/Vindhyaa-Saravanan/Vertex-Sports-Centre-Software,f40c50a5ffddf57cea14592b324a34224375b345
https://github.com/mkazin/aws-sg-mngr,ae8ab90f67fec34facc6c6c88cafbb64abaef615
https://github.com/LiquidGalaxyLAB/LG-Gemma-AI-Touristic-info-tool,f3f1c4bf1b3acea4440aa7e6fb78980d023cc784
https://github.com/andreax79/airflow-code-editor,b6fc30171b50b3e7f4bfab098dde5294fa052211
https://github.com/twynb/AudioStreamSplitting,4ee0e5e55226dcf5629b995cfbb4c8cfc146796d
https://github.com/cerform/project-int,06ec95c4b4a3009a2bce72eb6b9430a8172b188a
https://github.com/Sayantan40/Thyroid-Disease-Detection,3aef75a62b1bdecb06f1702025b10eb5c0fed622
https://github.com/Sayantan40/Big-Mart-Stores-Sales-Prediction,35b92d6ed5595533cd3cb0f7acec60cdb9ec02f5
https://github.com/ilaflott/epmt,940e09a7ada9cfd09ba088ab17f3f9b039927554
https://github.com/geopython/pygeoapi,179c90ff31261c4dedeeda103a85e839ceef20f2
https://github.com/fedora-copr/copr,0a9e16ed9726dab0b6e5be7a5620565aef23aa81
https://github.com/ArthurMitchell42/nutcase,e521f3c1a745457da7853ff1836cd0cc33d827ba
https://github.com/eventcally/eventcally,eda2f9e7048a3095dc5d56b05e19436052f3659d
https://github.com/AdamRa0/posts,afea2794db9a407baf665a80bf9a9ef62c7fb271
https://github.com/Marion34-dev/latest,ca9f719081c49774606b1f229208122646650c54
https://github.com/zmlstc/dify_chatglmapi,52066543f490217689ed198fd773491b7532a138
https://github.com/dsuprunov/python-statista-programming-challenge,e713a34fefb90a3a89470a8fd99daefbb45e96de
https://github.com/xinxiaoz/dify,f9082104eda4b7cd2bd35a2822ea53344f72cc60
https://github.com/JackieSun1979/aiservice,f9bd2f7f5c75d64606abb43c0c6a3d4fc7933972
https://github.com/trini7y/Udacity-Full-Stack-Developer-ND,5247f645dfbc6eedc6997db0c7764e0c38977caf
https://github.com/bulgemi/opbot,550df1d84139bf268b0dc3e15603b1bfbeaa97c2
https://github.com/bullhorn-staffjoy/suite,8ac736e018f83a3409da08cccec19477f6deb450
https://github.com/FinnLidbetter/slobsterble,5034fa89b7f9404daff663caf4213d46cbbea605
https://github.com/Saket-Upadhyay/SkyDaddy,85ef438593cc14aaf333a6039732a74df31000f0
https://github.com/mihajlo-ra92/python-microservice,ffd5d7cab0d864307694945dc971794c4c1a42ec
https://github.com/SokratisStudent/csca5028-final,dcc4f50bcc2dd4d953b48ffc1776e899da2e19ac
https://github.com/isledecomp/isle,412200ecbc1cdf6dbbd23592a0c6fdffc92df43f
https://github.com/Alir3z4/html2text,8917f5c83d8cf013110124a6b37331b2c29a0fff
https://github.com/sshuttle/sshuttle,834ac02a5dfa5ddc425f5cfa44e36ea45dfea333
https://github.com/HBNetwork/python-decouple,0573e6f96637f08fb4cb85e0552f0622d36827d4
https://github.com/PaulMcInnis/JobFunnel,245a359e784500b71b2d4eb31f5c682ae5bd060d
https://github.com/pgjones/hypercorn,84d06b8cf47798d2df7722273341e720ec0ea102
https://github.com/miso-belica/sumy,d31ead33831275c0e8d595f69174d9f129f8944a
https://github.com/electricitymaps/electricitymaps-contrib,f0e2478690919619da6118ad190008fe636dfeff
https://github.com/adafruit/Adafruit_CircuitPython_Requests,2db92cd8f5cd7ba37ad187b67980574dd71b39c8
https://github.com/eternnoir/pyTelegramBotAPI,8ba533aee607fdb48fc53c10b56601eca4c7418d
https://github.com/TkTech/pysimdjson,f68fc03b0caf6fde5080697570c1a786c9a23632
https://github.com/duffelhq/duffel-api-python,fad434467a6e41079a860d729d8661ab7a047bf8
https://github.com/sergiocorreia/panflute,25c3924d677ca29fd1df97e9593ae30b8b07887c
https://github.com/MillionIntegrals/vel,f3ce7da64362ad207f40f2c0d58d9300a25df3e8
https://github.com/Jayden-58/Nu-BBC,b2ff47a7e6e40ec324e1c58c005e02211c066cb6
https://github.com/KaiStryker/ReCentiFi,134a5e9e250ccc043a94155eeece7b703fddd4cb
https://github.com/tidy-neuralnetwork/tidy-open_model_zoo,3b23edc903f76db5891efcc16ac3b1c6ca027654
https://github.com/vhoogelander/BMI_HBVmountain_streamflow_analysis,10d8dc190e80cc5a96104e5a509a924510fbfa8a
https://github.com/SunPSoftware/Cura-3-2,b0a673aba3349b70c0459f8cda45e83a2c1429cd
https://github.com/ParthJadhav/Tkinter-Designer,631017b677161af00f08b38b318f3c3762564c27
https://github.com/Marley-Mulvin-Broome/JapaneseFrequencyProcessor,58443a6781d57865bcb1e428771feab853ec1a97
https://github.com/bentleymi/ChatGPT-4-Splunk,3354a41eff48c809a8209b04c4fba8888e584cd8
https://github.com/huanlui/chord-suggester,41ec89b5a79900ba4075f2e36285a853d2d51b47
https://github.com/bionumpy/npstructures,e97b2b01aa6425433480703006674e7facd6b706
https://github.com/seeraven/gitcache,a967163dfe5d496ce1247e41d683db0bbe29920c
https://github.com/JeremyBYU/polylidar,e64fd96274786f9126eb8597afe9a8fd40a823d2
https://github.com/filestack/filestack-python,cf123d30c0ce0b7066e280cb00df4f57210eb916
https://github.com/dalibo/check_patroni,b6a78ec1ce524b01fb105bd10cb6bb0cc7d91fb5
https://github.com/Aiven-Open/pglookout,60f65b29cfacf09e249464b121a865ef4e534814
https://github.com/drrelyea/spgl1,a6a744625cebfeed3056b5e9f3d78feb711c9f38
https://github.com/osswangxining/conversationinsights-dialogue,07490b6307667b0d0ddc2c4fb8aa4f8d7b853df9
https://github.com/dhh1128/langkit,302339f4487718521cd4fbb1dee813e40cbc5388
https://github.com/xpac1985/pyASA,a6cf470a4d1b731864a1b450e321901636c1ebdf
https://github.com/intuit/mastko,7e3036eb69ea77123bc327d542e371263752a780
https://github.com/sc22d2s/E016-CAD1,afc2b4e3e12d3b654d26a6ea7e48a588580875a0
https://github.com/cmu-sei/juneberry,ccb556381fb1d1190bf48094347ed47a35647774
https://github.com/UIUCLibrary/HathiValidate,3fd9144c59d4464a70cee93ceda426355eb1428b
https://github.com/oakleighw/supervision_litt_polygon_count_accumulate-,b63202c2448f98fc555289eed872650d81d3658b
https://github.com/Provincie-Zuid-Holland/Omgevingsbeleid-API,5882cefecc3952e2bd3f21b5427a020a17424c80
https://github.com/stephen-zhao/datetime_matcher,80d915271bad827e6b211200df93e86f093633f8
https://github.com/rgal/gym-2048,1a31a2694b9bdb907c5dd27298a153401e253c84
https://github.com/bchwtz/bchwtz-gateway,962bd48e1b68b81bf35c59de09d362dddcec71e3
https://github.com/rambasnet/kattis-cli,90cd7d7bdad5e6620f65c28f31b0b5cc2e8901ff
https://github.com/mtakaki/cachet-url-monitor,5c651d329e663bc3d392ca55aa74654f6fdacdab
https://github.com/HTTP-APIs/hydra-python-core,630a8b31ef69b3e1dff1ee7947d9b3d31db0ac4b
https://github.com/aidentified-llc/matching-api-cli,f8ac3fe7e004d925f4121c0659180371aeb014c8
https://github.com/ahjuyk/2048-reinforcement-learning,93f901a3deca75e849ce87db0c27a2863ce49ad1
https://github.com/aerospaceresearch/orbitdeterminator,1aec8919ba42978e73aab4eaefe407adeb6287e9
https://github.com/sfischer13/python-arpa,861a19b8cf7c64100a12f24440f2267626195c01
https://github.com/WIPACrepo/file_catalog,f85fb9f09642bf4eecb6850c1d4447fba66fe1eb
https://github.com/shoppimon/figcan,0c5ca4661e1d03fb5b9b8cf3f2151b5bbb0c8bf8
https://github.com/lightwave-lab/zeropdk,3121a72c806b911f68cd6d40a4bb1eac4aef3e95
https://github.com/rh-messaging-qe/fmfexporter,abcf107eb34b954f64c803a797a929d4d5e1f7dd
https://github.com/sematic-ai/sematic,7a8d3495daca982227ff4a78e6294a58da6774e6
https://github.com/fastresearchgroup/TACOCAT,da51265e7ba4a5603c8be2ce538d9d3e81a0fefa
https://github.com/jdotpy/streamline,5d29ccf67ad1018be5b597eb1499c8d8d2c0fc84
https://github.com/TaatiTeam/pose_sequence,b130dbaea40db6c0ee9deb6be44215289537477a
https://github.com/tirthasheshpatel/cvma-python,04b1c98fddcdec767ba5e81253bd22cf00e882cd
https://github.com/ysard/mi_remote_database,6751bd828c941087da77666641c749f59a42ed8d
https://github.com/JeanExtreme002/FastSnake,a9ddbfca42f675690262923d86d0e06e4c5d64b8
https://github.com/scylladb/scylla-api-client,67e26f559f9f89a83c49b1fc2bcdce80e19d3c06
https://github.com/dominik-air/robot-path-optimization,db1af6fcdd15d065dab88652eba7e2f0c95c921b
https://github.com/pkkid/python-plexapi,d88f14e271828b9b435e0c8e819cf5b465eeb7a8
https://github.com/tylerni7/missile-tid,bc4767677e69de70a5b4c8a762addb41da3a6f4b
https://github.com/Fixed-Income-OS/fxpy,3f6f4f928c5dc3c2db9c3e495ac34a2b86c14d8d
https://github.com/fletch22/alpha_media_signal,4b274aa3160073c608a6873109bf3760e6cda767
https://github.com/yilongsong/GAN-Based-Reconstruction-COMPS,2d1b9c1ed832c1ba90dd4232037c9542562f55ac
https://github.com/TylerYep/workshop,c27bdd78d2501e656465e77cf7cfb7288d5981f0
https://github.com/sam0jones0/amazon_wishlist_pricewatch,d2dbd390a8febf2461fbca84b70186c662328488
https://github.com/canonical/mlflow-operator,0462ea5c29e42c713e05c8d5f3a4161e7ec6fb24
https://github.com/PaloAltoNetworks/xsoar-panos-upgrade-automation,ef6568753bebb27f632ce0bfb2fedb5778703511
https://github.com/Adeniyilowee/CI-CD-with-Github-Actions,25c6364147faaedaa93c23915653265503884e1c
https://github.com/Gcav66/learn_logging,cb742baf27a1909333e809bd55b06a084dd64c61
https://github.com/lsankar4033/acala,8a0cc9938cfc3b65cbbbb5b1e24f741a392b29c6
https://github.com/ElviinGit/LikeButton,c33bf64ec20d935f36e4d8563c78e9eca63b1bb3
https://github.com/swoo1226/pytest-tutorial,35b30279696ac0c4b6081b531924377b57cfb064
https://github.com/justinemter/pseudo-channel,dba57fbcf6f94091ac5526926de11797c3cb5b12
https://github.com/geekcomputers/Python,5aa23cadbd0eb5be0a685194ade7c97cbd68ac64
https://github.com/chubin/cheat.sh,571377f2f79422398a701cb1864487124ec3dcc6
https://github.com/ungoogled-software/ungoogled-chromium,96d8e277e52503ca28bdbb34729be64723ece6ad
https://github.com/openbmc/openbmc,9b1c61efee93d5bb7d0e869e24d040bddea8aae5
https://github.com/Breakthrough/PySceneDetect,63db02a012945d6ca1f7d72c77682c611a0ebee1
https://github.com/thonny/thonny,2b9c7dc0ad2c991275b46fa2494673409029d41c
https://github.com/mitogen-hq/mitogen,fe26b709025e92124d27aff3728919fe6517b60a
https://github.com/aws-samples/retail-demo-store,8e5c52b270e31807d560fad13cbf6c8563206484
https://github.com/auth0/auth0-python,b9277dee20fd0b72d2b7a14081d0a78fb6d37491
https://github.com/hak5/nano-tetra-modules,aa43cb5e2338b8dbd12a75314104a34ba608263b
https://github.com/Intel-BMC/openbmc,ac27a5095790a2d49a44d7c46440e375a8f84812
https://github.com/rucio/rucio,dc0a90ce37b91ff044285603d29fa5bf8b604371
https://github.com/cocrawler/cocrawler,eaba13af363e511593fc140d9f70c900c27d9ffe
https://github.com/rakhimov/cppdep,307ba5838a2b5a44c661b41b9be7a8e91b002849
https://github.com/cisagov/prescup-challenges,0124e7855822f893c4910b9df8ff5a8b8156c032
https://github.com/WilliamQLiu/python-examples,731113038b6574e3ede72cc61921b0aee8e3bafa
https://github.com/snowflakedb/snowflake-ml-python,123693a42f038d2b0ddd9f665e83851260318477
https://github.com/cs480-projects/cs480-projects.github.io,68952d9693e9b9076c61a585b20b5a8cad573c29
https://github.com/libreswitch/libreswitch,1bb99e4bbc55aff46048453e28a1466b08d338aa
https://github.com/supermicro/Supermicro-OpenBMC,03720bb950363ce242f140ab841fbe232a2e9217
https://github.com/emtee40/python_scripts,8045924d6dd5fa9bc53d0f90915c0bcc2394a3f7
https://github.com/2lambda123/Pythagora-io-gpt-pilot,0ddff1fdb100f747339b69f48511b5fc655000cd
https://github.com/cool-RR/PySnooper,f2c60de87f318a9c6b6c8b6887fe31bd07f91fb9
https://github.com/huggingface/autotrain-advanced,a4277119d8f0c933482bbac8f26e83131569186b
https://github.com/pyparallel/pyparallel,11e8c6072d48c8f13641925d17b147bf36ee0ba3
https://github.com/shawwn/scrap,41a74d42b37b84ddc270928e55b1ca5f5a172cb3
https://github.com/kubilus1/autoortho,1e81d5cf0fb606885b5bbfe3d7bd5490c95ceb75
https://github.com/ezhov-evgeny/webdav-client-python-3,98c23d1abd15efc3db9cfc756429f00041578bc2
https://github.com/sunbeam-labs/sunbeam,0c3f79ae1d1cbf36b670f9a71c72fc8c853078df
https://github.com/gdtk-uq/gdtk,3d81a0991b3eaee2194f854e495e34e50fa281d9
https://github.com/AllenInstitute/ecephys_spike_sorting,6210caab231fb18cb2902f6d0d456a749d903b58
https://github.com/mila-iqia/paperoni,7906bf1b38943f9c4687d1227e804f6fcc0bcbaf
https://github.com/satellogic/iquaflow,a0972dbc4997c2c3c3f5e0c84d88d946aafa354d
https://github.com/docker-forensics-toolkit/toolkit,f1fbb43e74ebf3b78233049e47a8a22637deeff8
https://github.com/the-aerospace-corporation/brainblocks,07396fa0a3d6baed8f2f53ba45e00eb1df523f19
https://github.com/shirtsgroup/physical_validation,5b09945cb1ac6b4eb7dd3a7cb6a07a9edd9cbb88
https://github.com/theno/ctutlz,a81b8282096b505f85e81b8fb9c893bd3a9becab
https://github.com/opencomputeproject/Rack-Manager,e1a61d3eeeba0ff655fe9c1301e8b510d9b2122a
https://github.com/ryanpetrello/sdb,868e4d1d7ac48ad3ba170f53dc362f40df7b89ef
https://github.com/ntropy-network/ML-tools,f5b67d089d384a77f4c4f21ca233219cbdfc0b1b
https://github.com/mad-lab/transit,092ab5e9dbf18a7d6ef5fddc1b32b712dc382c26
https://github.com/ome/omero-py,749a68acfc7b1851c165ae75f2c118743d8b1e0d
https://github.com/rkevin-arch/ECS189M,363b02b86d37b86226b58b826811945e145410ff
https://github.com/Datatamer/tamr-client,338b3ffac19fa5eba0fe46d6559eff9d3f410d89
https://github.com/adpeace/boilerio,e26c74e1f92b6c97a2fb0f2b6f43d8bf9a1d620f
https://github.com/SeolhwaLee/EMNLP_workshop_COVID_QA,1e87edb75e046cb26da1f554214814ef35f1985f
https://github.com/stuckatsixpm/antelopy,993b1c894213206976838e4a0b081c26c6b49774
https://github.com/AlexandreSato/openpilot-mine,4a53d6dafeba406883ecb69cbe41a9a18a05fd2e
https://github.com/GazzolaLab/MiV-Simulator,7260014adf19b0232d27bb5f16f042713bbaf570
https://github.com/IMRSVDataLabs/imrsv-schema-linter,e1f55c16e18e879b4287f0f3612157583aa52630
https://github.com/ErickOF/CE5303-Embedded-System-for-Smart-Home,77e6e5a4212b1554e0ee946a589db19994743e90
https://github.com/opensciencegrid/images,3a31924dfd0720c3dbca2467ed919cb220e0ca9e
https://github.com/vk496/zisofs2-tools,60e1199ad02a8949cb6ed40cae4497c9d1fa89a5
https://github.com/matthewdeanmartin/pydoc_fork,35870658c4f8dff463eaa6012edfb0e00de96131
https://github.com/armalite/dbt-ai,1bf3aa3b9d46125696822b2899f5687da28f961e
https://github.com/a0x8o/presto,6c63f482e225017a2a142396e921a0571ff1b95c
https://github.com/michaelwalshe/advent-of-code-2022,408b9efde316d356ef11d631e5f211a00fac7d1d
https://github.com/airwick989/Autonomous-Vehicle-Simulation-and-Testing-Bench,401c95fa0f5cc3b899b64de0c66947ec43cf7c46
https://github.com/dymmond/esmerald-sessions,a9669b516a0f7294f7266b586aa7ef7c717b55b9
https://github.com/andir/mail2pr,8cdbc177eea4d3351d90c7465aa8c2d1fd0167fc
https://github.com/lsst-dm/cm_tools,b4d2279dded793d373a5a3788d6d86d811bde991
https://github.com/mshakya/piret,056838a2cb11bda850739dce403aa1449d11c699
https://github.com/alliance-genome/agr_literature_service,f07d3e49dffeeca6c84084bd831a4ed64dbd2f54
https://github.com/shake777/openpilot_K7,002ef2747ec9297447313adbff490091c8b7fdf4
https://github.com/visgl/deck.gl,479b849d8f6ec12dfd2b585221d032c3f8487be6
https://github.com/twitter/the-algorithm-ml,b85210863f7a94efded0ef5c5ccf4ff42767876c
https://github.com/MarcSkovMadsen/awesome-streamlit,58b3d5cca0ba57c1d57221bf6eaef39f4b2edc07
https://github.com/google-research/FLAN,e9e4ec6e2701182c7a91af176f705310da541277
https://github.com/microsoft/azurelinux,2a0b6a584fcbdedc0add1f2473b2ee8d3586471c
https://github.com/pim-book/programmers-introduction-to-mathematics,552290d324297b10be7885ee5d720856d8c4efcd
https://github.com/kevinzg/facebook-scraper,567711fbab3e014504a1d4f33f882c2b29d71584
https://github.com/robertmartin8/MachineLearningStocks,1c3712af741a9a030edb678b37ef18d1d2db9147
https://github.com/koalalorenzo/python-digitalocean,3d802463be6220ab044dc1e5d381c93e94365ac4
https://github.com/motional/nuplan-devkit,cd3fd8d3d0c4d390fcb74d05fd56f92d9e0c366b
https://github.com/artisan-roaster-scope/artisan,279d3816b10ac477d404651aa8e7f73cf2e5f6ba
https://github.com/metabrainz/listenbrainz-server,4af88c6cfdac57093e358d17dae2c4a9593b336e
https://github.com/bacalhau-project/bacalhau,5270196bdec2f4715110452661cbe7cfad6c2801
https://github.com/shroominic/funcchain,c45b5051921506580f136cbc0cca9849b5ce4c8d
https://github.com/spotify/pythonflow,9b712597c29f837dfba7d9307d395790909bc0a3
https://github.com/alstr/todo-to-issue-action,165cd5e4f7fb38cf424dccf32fb6d5c5cb801788
https://github.com/SysCV/qd-3dt,f2b1763a3ec50cd8d0d2396c0062898a83d58e3d
https://github.com/steamship-core/steamship-langchain,47ccc092da1768241ea120d45cef793a9db8c1ed
https://github.com/OpenSPG/openspg,a7592a639d5c04215afeb63014f9afed95713829
https://github.com/rveachkc/pymsteams,a852fb2019efcd2c9bb78b9ddd429b8efb3644ab
https://github.com/kermitt2/delft,c0462c8f42b89c905576c680d9d4ff292e61739f
https://github.com/jansel/opentuner,567c48bc3cc66a178fc5462ecc58dd48670bbbf9
https://github.com/GeoscienceAustralia/anuga_core,15a24ff5455bd316d8079efa8980739c962843ff
https://github.com/seung-lab/connected-components-3d,e58879db1e2034a447c7b7bfc5b87671292f0d44
https://github.com/Ckend/scihub-cn,410acc1a9e061d072cc03ecf79848b77af8360f4
https://github.com/JoergFranke/ADNC,4a5dfa5be1aca9f815794c2c276ec220a1eb591d
https://github.com/davidmallasen/LiveChess2FEN,f9a18f496acf6a2462868013a24dbb74343d94b5
https://github.com/cloudevents/sdk-python,c6c7e8c2f92d673042cd4690c539d68f27c50623
https://github.com/digitalocean/kubernetes-sample-apps,6d8ffb91dc2644c277b82af403c9f9bb0f1d1353
https://github.com/mattduck/gh2md,c8794d875e4159329000f0908f62d06744f32967
https://github.com/allenai/citeomatic,e1a0f88371f6aa69ba997f331c34e1428987dc4f
https://github.com/egovernments/DIVOC,1c74fb0c4a23dd26dd0998176ce7bea0a8d6f409
https://github.com/ncbi-nlp/NegBio,073199e2792824740e89844a59c13d3d40ce4d23
https://github.com/gtri/scrimmage,2756b4fd261d4ccea4b3dbeafee3600350bd5ae4
https://github.com/davidsbatista/BREDS,de29ec77809e01b0e301a1a24567f4c36e2e5596
https://github.com/nearai/program_synthesis,d5fd2a274951387c8c8c25bf77dc893ec3b604ac
https://github.com/camptocamp/docker-odoo-project,c05b119b66afb15bd644d90ea352f6b82e00a430
https://github.com/BoldBrowser/bold-browser,339a5de2b960f1843c09a7c6f59ef293b88d768f
https://github.com/Azure/azure-sdk-tools,8ee51aa6c807ba49d51add60661cc16cb2ff0f9c
https://github.com/SAP/project-kb,312e910b8fa1759c7005550800de08385f40eb14
https://github.com/YUCHEN005/DPSL-ASR,61ac8283a1a9b18a4052374362622f228eb91934
https://github.com/sdabhi23/bsedata,dec410b1e166085ef45f54f66078acdde209ab24
https://github.com/Samsung/LexSubGen,7d49693a754d4f6fc55f30a3ffe15fba222eed3d
https://github.com/raphychek/mbappe-nuplan,f7327eeea2655c9de95c6ebb37511f0d9ba92c3e
https://github.com/jingw/pyhdfs,c8b5db8a504b5ad3706c2ba91ac9f43914e9ffa6
https://github.com/ArnovanHilten/GenNet,a1a9bf72524b8ff90a265755e415b07165527a12
https://github.com/joatmon08/manning-book,e82caf19f539b8f112f2779a35c7d604315dc845
https://github.com/pyoceans/python-oceans,a7954cfab07da16077bd0ff89f90be60c5bd1eb2
https://github.com/leezythu/UCTR,675ee33d0ba746f270b6988c976739f616d5fde9
https://github.com/iamkubi/pydactyl,6f7d30089841791fb277bc4998a29b9cd91b43c1
https://github.com/drunsinn/pyLSV2,d9fcb7f2c544861bb0cdda71fc75bde1ba367bc1
https://github.com/jim-schwoebel/voiceome,9af84a8568a7a0630992ec56be03521ff9547c68
https://github.com/backtrackbaba/cowin,de876c2ca02165a2116f19e92ee54ad33bba23d2
https://github.com/streeter/pelican-gist,395e619534b404fb2b94456dc400dc2a8a2f934a
https://github.com/DeepLink-org/DLOP-Bench,103339b2dd1816840148049eaee4b7e7fce527ef
https://github.com/dice-group/palmetto-py,a5c1d4d5183427799c5a4747f9a21082630800d3
https://github.com/commons-stack/commons-simulator,39ea92cde6ffb6940494cb644fa17aafb4144e9f
https://github.com/alan-turing-institute/defoe,d7d2a22c8976fb0b0016cb0a231d4822424f8e88
https://github.com/ESMG/gridtools,de0a18c1ce0807748aa70023300dfc415277bd4c
https://github.com/YUCHEN005/Gradient-Remedy,014cd7d94ce3f2f95c67687a83b6c652bb2005f7
https://github.com/kaelzhang/DA-RNN-in-Tensorflow-2-and-PyTorch,1a30c3dffd7e8556c775480faa500d84fed5334c
https://github.com/mozilla/glean-dictionary,f75b25f09c18e70352c83f6993efdf7b24b80f5c
https://github.com/icoxfog417/datascience-template,6f65d143d10d58cd13a847b852c75d820318480d
https://github.com/UW-Hydro/tonic,67cc1a1efa481a65e304917bc8af36c2a30af055
https://github.com/con-schneider/dlab-public,2d2372e7f2a984e5286b73af98de6a843c9246d4
https://github.com/pyDANDIA/pyDANDIA,59739a27ec75dcb8c9fcac4643132eb49be24046
https://github.com/leezythu/UCTR-ST,5689363a4867f8a7bab49fb14619b62c6d9aee12
https://github.com/leonardodalinky/pywmapi,2a4f8bc66230c2f35438c73e402a2673cb8e53c8
https://github.com/profcomff/timetable-api,5b553c0a12e134eece243786947b67873d13b89a
https://github.com/CommerceDataService/patent-process-and-search,a8d3e592ac155a32b74acc084d1244f4348d5677
https://github.com/zheminzhou/SPARSE,deb9361df7aaa4c47ba3991a404f172f27c767ac
https://github.com/arup-group/REDi,84a55a760d6f56d6fbf54fd77f29757f4176ba19
https://github.com/Snowflake-Labs/geff,6caf935c34c0109c4e9876837a951c81302d20a8
https://github.com/ImperialCollegeLondon/RCDS-managing-and-running-python-effectively,0314201d788d9117b191172a954e1c7466a0662e
https://github.com/apprenticelearner/AL_Core,fe8a68903f11f29156a48134f4a526507a037c87
https://github.com/earny-joe/covid_disinfo_detect,722b07ef2820759fce8e917ffba6654ac5611c23
https://github.com/PRIDE-Archive/pridepy,750938f76ab6a298acaeaa8bfa2f49299f0023ed
https://github.com/pyvec/docs.pyvec.org,7c45e52819a77345473991e06be44672b20ab891
https://github.com/lareferencia/dspace-stats-collector,f88a67849571566abfcd4456992da30954392d80
https://github.com/DIG-Kaust/pymarchenko,2b5ebbda5b7e039e03e3ad13734f91f22b7205a4
https://github.com/UIT-Together/EAES_m4c,9d7fdd65108bb64699dc95730f9ad4bb77f27d16
https://github.com/bo4e/BO4E-python,0841f83f6b9ea8b72dd7e0186c62d5872c822e61
https://github.com/MontiCore/montithings,532622fb555d71e66b0ed8d20aa1db4da91fd464
https://github.com/softbutterfly/glovo-api-python,f6760325b5cb0a68da05b507e471ed99149b5dc2
https://github.com/travisluong/fastarg,b21d5307ce6b296aa16f30bf220ca2ead8e9d4d3
https://github.com/syedsajjadaskari/Deep-Learing,3ef17a5dbabc10e060d61027959ce53603eb96a1
https://github.com/surroundaustralia/cheka,31505e6804d90300d58f739a6581e7e4fb815a53
https://github.com/zodiacfireworks/pyker,0d486af2c1f012f8b90411bafa503cbc012b33c0
https://github.com/Rehket/FEBRL,1627cdac6adbe989676c55c63bb177dcb47a4647
https://github.com/Daylily-Informatics/zebra_day,a46b6f7ed57cd9a10f3578ea5388909838cb3316
https://github.com/salwator/training_stats,3f3bacbaa01e90e8658cf5b66bede42a37e3fb6e
https://github.com/gnsJhenJie/Multimodal_Transformer,d725cc775199e69bda57d00a05fb80c32b4fe707
https://github.com/alecmori/taming_the_monster,f9d3ccccb5d71463bd963eb385ee3fda91e06f3d
https://github.com/defoe-code/defoe,ac71346334aee1b9eeb30828ede35ed345e65cae
https://github.com/open-contracting/kingfisher-summarize,8fb56b4197235423805904fb31f71222088860da
https://github.com/zeek/package-website,1582b297fc94cec423d1ad5b6aea0cfba3781b81
https://github.com/pvanheus/parse_accessions,1b761e4720792e46f385adbe279bbd8e2873ccdf
https://github.com/emnify/emnify-sdk-python,b73834815a2cc0eb5323d7d5bf4f1d0065dff0d4
https://github.com/dbischof90/sdetools,b66435c291c8970c91682e5e9fc3c27969e0e327
https://github.com/Zelenyy/advanced-python,ffafab7460724563fb255013896ee9ba3de9c429
https://github.com/Arthur151/ROMP,4eebd3647f57d291d26423e51f0d514ff7197cb3
https://github.com/ReaJason/xhs,eb1c5a0213f6fbb592f0a2897ee552847c69ea2d
https://github.com/jujumilk3/fastapi-clean-architecture,f96fbbc7e2019ee2332a382da9aae9cdcbdaa73e
https://github.com/Santandersecurityresearch/corsair_scan,35428a754d4c48baf4660402d90896b2bc20c49f
https://github.com/canyon289/PyTestforDataScience_PyDataLA,e2eec236a41865007532f9041e5b9fe4cfc97214
https://github.com/tomchristie/django-rest-raml,295bfe044a12731cb7485b3955d64e320d417ac7
https://github.com/mik-laj/streamlit-ketcher,e85a0e48d6afe81ae74bbaa80d88824a0cb8bb2d
https://github.com/pollination/queenbee-pollination,0e016791194ab3c9f18a7f84925e8217a1ffa183
https://github.com/AlexanderJCS/golden,ea2c8d3743126148baa387faa39b5309ebd7c541
https://github.com/knightsdd/bs4_parser_pep,94bcb7564ae416a6ea5a2932414b8521e65b24e6
https://github.com/jaimebuelta/std_encode,b29b46bb0ea59fdff94d5220a43103ef5c4fe170
https://github.com/NOAA-ORR-ERD/MapRoom,f085860c2c0833ea452fb5d86d49f5a79cee50a1
https://github.com/exorde-labs/exorde-swarm-client,9fda3ed96c4d91b019fcac6db03ccc9d029f53a3
https://github.com/agaridata/agari-oss-public,4cd8c473d238585dacdd282501a098520bc7e09b
https://github.com/asluchenba15/openpilotMaxAccel,57103d71ad86ac17c21069977a4f9f5628da91c4
https://github.com/asifrahaman13/HackAI_Hack-230648,7711a7ea24deaafa22f91715f8b326c043fb2416
https://github.com/christiancosgrove/cs767hw3,7c906d7b92394cc30ed94a714b199467c269cadf
https://github.com/christiancosgrove/cs767hw2,4f305e76b1f4d042e15fd71448df15509dc1558c
https://github.com/Alexmdg/Prelog,21a03e3529841a91443645ec6cd86fc45e5c304a
https://github.com/sim4444/EduLocation,a0ca607cbf0191b6bdc651518cd88535b17a3f75
https://github.com/exbob/yocto-kirkstone,54a98bb64102e801163335382502d85df8019e7d
https://github.com/chiyanglin-AStar/openbmc_bsp_layer_tutorial,38e58b54a63836d495cd372fa96bdbc4bc6db48b
https://github.com/Yuki-zik/A13_TEAM-2405146,1ec83b387133b6d43ad6215860be9e0d858b7c12
https://github.com/walterchris/openbmc,6aa6754cf4bf36fcc336e696010ea78e18d16eb2
https://github.com/Nystagmus82/CommandCheaterLinux,e0010117ca3eeb22e79346cb37f3897b7404ed12
https://github.com/9elements/openbmc,4e81ff2fea24c79bc6841c4aad582a006f9f4ab7
https://github.com/merlinepedra/nano-tetra-modules,aa43cb5e2338b8dbd12a75314104a34ba608263b
https://github.com/abadied/chatbot,534c40eee82442b88e0808645c0e8ceb2d9eb642
https://github.com/tillahoffmann/template,16f4847f15bfef9cc9a924d4eae799d060daa80d
https://github.com/aleksandermajos/BIGAI,98ef04c76313fffcd8a211eb8d7d7ca4ed3f4c6f
https://github.com/lighthall-lab/nipype-legacy,6c23846aa50c2ce34653f9517d95f02b071dc52d
https://github.com/ShivNandanJha/DaimondPricePrediction,5c2503461d901545f3c33c718dc4bb9608e9ade7
https://github.com/ClaudiuIoanMaftei/toxic-spans-detection,638e8a7cd206d669a956b5635ddc86ec7442592a
https://github.com/hse-ml-da/drink_cider,b2261a6af954b3cc7bc928ddc956ca02fc07d5dd
https://github.com/snowztail/learn-python,eb584017a9329d6704a63436496d9bd4daacf7c2
https://github.com/SWE-AGGERS/SocialDice,d47e8ae3c2cbe54b540182bbc212ca86778090a1
https://github.com/EnderKilledYou/OverwatchClipHunting,4f3ebb3cc5f8ef7b375390ff2e81f0c778fa7f99
https://github.com/ShaderLight/shinden.py,5eeef7b80711e3d6ba7828a8e143072f620d83a7
https://github.com/glean-notes/daktari,27c9a8b1b231b4e570084b85570d9088688e6774
https://github.com/sfradkin/livecode-archive,fed6baecfbff5de0b01e4eb6bebac0f86aba0eb2
https://github.com/bakobako/pirate-weather-python,c80129b79fd676386693d98492aa68d63c9e468b
https://github.com/akamai/cli-adaptive-acceleration,5408341fa37856ee66d6c3ebd4ea41179bd89805
https://github.com/Muthaias/quick-poll,a3de0e4b8bb276e56de812f10679188d6e7062b2
https://github.com/yougov/yg.emanate,de24a1d42554f96ea9d8cf80db150c62411e769f
https://github.com/jamesridgway/devdeck-core,d4706eaf6df14df8a49166d812e12f67ac14fb89
https://github.com/mandliya/pythia_updated,e986c4dff7cc3a9f6b85ffe8e7d45ea53ab36e95
https://github.com/doutib/lobpredict,3e443766ea97ec7385fdb6b3d86c37e58055065c
https://github.com/AHalarewicz/TimeSeriesAnalysis,de5ac0fafd3a71b873466015ef27f8ba99630750
https://github.com/SiliconSloth/ADNC,24e877889d181ef5641ac868e5cc3b63a20ac72f
https://github.com/jotter91/cricket-forecast,d95a96a915a96e6f69c0a71225d0569bdeac98c8
https://github.com/nandak9/Chatbot-Framework-Using-Artificial-Intelligence,74923096c45f6df55aa6dce2efc7fb0532f67ad0
https://github.com/capivara-ai/milkqa-utils,351686353ff576ba1bae64454473a4b3cdd1ff88
https://github.com/Yodo1Games/py-yodo1,064a5fcc9014bf03cb4017c1b6d2a8ee49179d05
https://github.com/rook/rook-client-python,0e14514cca876f676bde960027c5362407f49474
https://github.com/pablosalvador10/gbbai-chat-with-your-database,b0dccaa195611508eb995e2ffe74baaebbc652d7
https://github.com/dang3r/nl,f0f70ef6fc5bcf7eef44dab8f6e1388c929f179d
https://github.com/bolof2000/Rest-API-Automation-In-Python,a76dfc88ce9f9a36a7bdaebb63f6ae31f014b45c
https://github.com/rbiswas4/template_repo,4792b5e195ab77b91ac61d08110e808b7dc84f00
https://github.com/appleparan/template.py,d5d7f44cee35b3e54bd6ed2942668e4ea2978c45
https://github.com/rbiswas4/FactChecking,24900c235fb094734ff0a889d09e62678a7e0c96
https://github.com/pnnl/ESMAC_diags,3fe9707e0cafd7a993a464a67faf0e759abdc605
https://github.com/ron-ligsay/course-u,daa376763f5e60dd8df7dd2c1942671d78dba033
https://github.com/Tubaher/TrackEval,f792c20304ac734aaddbf0d69bdc452ecf836c68
https://github.com/dynamic-superb/espnet-whisper,bc421a94cbd1c75ead6aa08b8638f0b99db8d0dc
https://github.com/agoel00/polysemy,b71b656aae9b09e122f00a9277d760efcdf59d6d
https://github.com/an4tman/lies,95509e99f53c0101a48261503f1dd9dcd8727177
https://github.com/fiftech/fifbucket,f60f5845bebf3f3512f605edb39b3dd30fe6fabe
https://github.com/GonzalezAndrew/pyfabdb,217b216e56ccb08516ea1c3597734c211fa2b651
https://github.com/canonical/tls-certificates-interface,2b50c73750930890b814c33e2921f577b24c07d2
https://github.com/Kirtimaanwani/Travel-package-purchase-prediction,d53e0134edcaf5860829fee424d5339173df9cc3
https://github.com/eurostat/multimno,484f0a8f46aeb0506f62f94159679e792c65f58c
https://github.com/benayas1/benatools,1908a8d38b736d526b0d9354d57c63abc89d946b
https://github.com/EandrewJones/tornado_template,bcf475ddc04c9c6ef75411d427b3a9f4f859544a
https://github.com/pjz/timejournal,b0c11b5b5ed7b1bf5ddb48910768022d5d106c6d
https://github.com/hello-eagle/facebook-scrapper,83a058704c74054fb72a91abe94b5a83645fab1d
https://github.com/simonw/datasette-registry,afd0296df23248f5afea66613c4d164c98f14147
https://github.com/xambroz/rpms-infosec,718a298564a40f68ddcdfe287de039e0278d4149
https://github.com/Czubbi/GraphNeuralNetworks-ICAPS,dbb1575c46eff5e920dfbd0d93320275d79b3939
https://github.com/crchende/sysinfo,f80f2ca368776d3a56a65cdabfd90331fa20373c
https://github.com/ArgonSilicon/tscfat,dbb285dcadfc21d76707c439eaa0bc7295412582
https://github.com/miraclezqc/LongtailBench,e7f77bb68ff365050a34af9d3e0f5a93a4073563
https://github.com/finsberg/IN1910,57332a69958fe88be85066332a64a8e34ff73c19
https://github.com/pallets/markupsafe,2390dd2360a9a84f1f26b2de3651bc4536fed3b9
https://github.com/vicb1/python-reference,40b9768124f2b9ef80c222017de068004d811d92
https://github.com/kss-zolw/Rammeverk-2024-Final-delivery,98ba042db57ea995828e6558f145a942f00fd4ce
https://github.com/mozilla/bleach,4bc1bff36841c04152525b8e57fd3740f34ec796
https://github.com/thombashi/tcconfig,f19f84c9adf7ddd7862c9f5612c557bb7a2ed698
https://github.com/saulpw/visidata,8f823f5a3d922756e49ed47086419ab366e8fbc4
https://github.com/ucb-art/BAG_framework,daf4b0aaa72f056c7b3c90a402812a07dba9b4d7
https://github.com/joshtemple/lkml,3b08d65c6d083dc44648735e96f14a796a84ba13
https://github.com/iver56/audiomentations,5bc2bb88931cdd48d6c078fadd90bf987d8e46de
https://github.com/apragacz/django-rest-registration,2b77b4ad9e14f81a4653b1dfbdc86603c666de29
https://github.com/rrwick/Trycycler,77d1be8cf786969a3821f3c04086df60b39ff781
https://github.com/kentik/community_sdk_python,b48cfd912b162f99290ff00170916abf9cd67d23
https://github.com/hugerepo-tianhang/low_dim_update_stable,565f6cbf886d266d0633bc112ccae28f1d116ee1
https://github.com/pyfar/spharpy,b0e33c05027cb4596e6bb7a7bb83e4f785dc5e99
https://github.com/City-of-Helsinki/django-orghierarchy,8f3fa4602183898aebe22547063312ea781602ac
https://github.com/Lifelong-ML/LPG-FTW,4a8737702f4ac0dd229339597726ed3b06ce9b2c
https://github.com/robotsorcerer/sys_ident,5dff17ac6bcd2aba2c5224db691ecbda2175f6f3
https://github.com/scrapinghub/scrapyrt,84ce691cef64fe9fb39a1fe263ac86cad1f6b611
https://github.com/Megscammell/Estimate-of-direction-in-RSM,3ab2678617203a7046f61b9c38b0f4878ed336fe
https://github.com/lyft/nuscenes-devkit,49c36da0a85da6bc9e8f2a39d5d967311cd75069
https://github.com/AlvaroMenduina/ZERN,8a085b68798e05e434d79a300ec0a5f79acdb13d
https://github.com/duo-labs/parliament,20784b7aae9b099d7bf40508efff14cca40cdb3e
https://github.com/cheind/pure-torch-ngp,67b490d5020606e34ab5286c8c0f10094b232d5a
https://github.com/spacetelescope/jwst_magic,ad299ef763585d534394d7975de08692e1e479a2
https://github.com/internetarchive/fatcat-scholar,1d632383663f02b3a15d1d059de3340ee33a3151
https://github.com/algorythmist/quantum-computing,3353ef90fd14205533a416773a285456192e0d09
https://github.com/masasin/latexipy,1f888a44f2077a5c0ef63216616cd24c279e44d0
https://github.com/Digital-Preservation-Finland/access-rest-api-client,2021a96fc38527c2054a91bdd4076743a214d56b
https://github.com/vc1492a/PyNomaly,887857243d1b4ac44c709ee1774af6b79a96c3d9
https://github.com/ProtoconNet/did-endpoint,84536c48061b5842ee2298f57eefa18888bf420d
https://github.com/aspuru-guzik-group/atlas,a9cbbb78b494da7af12113c25783d1528262e5ad
https://github.com/troyharvey/migro,549c4e7c88622fcfeae57e7f2c8d1b222d43a1bf
https://github.com/neptune-ai/neptune-client-experimental,67114328cd0563c89c5c2b0a33fef9dad351bbeb
https://github.com/talkpython/100daysofcode-with-python-course,d238312a10d8e78ed4c43150c3be34fabedca246
https://github.com/trivial-search/Python_100_days,37fd864571ff30f35a9c2fceb01964a1c15d7df8
https://github.com/andylvua/bibaandboba,b2c5ee1ad241fe3384394c7e8cf18e1feb930457
https://github.com/meraki-analytics/cassiopeia,cc686bc59f06637384ec4acd5819ef71afb48667
https://github.com/deepanshs/mrinversion,95088091823de14345ec995eba6ecde70b67337f
https://github.com/DataDog/guarddog,2de0f93b1d7fc8e7baaf730a55686afaa7321990
https://github.com/Emory-HITI/Niffler,0117cf30ca7c67defa634ea4d2750539814f48ea
https://github.com/domna/nexus3d,7bbd692204d1399ba1b32402a66d480e4dfe4ede
https://github.com/keon/algorithms,cad4754bc71742c2d6fcbd3b92ae74834d359844
https://github.com/benbusby/whoogle-search,9bfdd88a5ed46a5046a4768f4787f36a9fef3b0c
https://github.com/yugabyte/yugabyte-db,f229cc648b3c6ab743d7275ccb46bb58d8514ce8
https://github.com/github/codeql,8901b1fd143f4d1590f8f7b1202affe89f0e3791
https://github.com/lowRISC/opentitan,fdfa12db04f7dd13f9a5bbe6190c79435a6ce1d6
https://github.com/indico/indico,5167d8c065e04ca468764babeffd9f5287a3af60
https://github.com/leo-editor/leo-editor,e08c163aeb2dbe4979bf170948fedcb62e6db25b
https://github.com/MiczFlor/RPi-Jukebox-RFID,74abc378f8ed471182e0391a68a5187fb7e9f5dd
https://github.com/apache/allura,db1a3e4720ecff0c175c3470b24f6d7aa8bac526
https://github.com/hubernikus/nonlinear_obstacle_avoidance,7f439e18d5fa6b63657bddb384aa8e45f7545f42
https://github.com/BME-MIT-IET/iet-hf-2022-idegtepo,e0dc809d4e3d6b3cd47c01b23470beedff710d77
https://github.com/renzenicolai/openbmc-x570d4u-old,4deac3af75556105cd375d9c23f56ddea976afc5
https://github.com/renzenicolai/openbmc-x570d4u,5bcd686757b0fd5e3d8c1bd60e6135331ef3bc41
https://github.com/lidaohang/ceph_study,6b036719df70b3ef38b28e7b3cf77a49bf68ce01
https://github.com/ceccopierangiolieugenio/pyTermTk,d69e032d18ba50e3c956e90d782a7bc08068f365
https://github.com/profusion/sgqlc,fbee55d92554dd209b4e3ebda093f371bbc12aca
https://github.com/google/turbinia,b696a7e53e6b439edfc8c58e6e026ddf581a37b0
https://github.com/HubSpot/hubspot-api-python,7544f674d66b20c293f79af7858f431c98a56277
https://github.com/mindflowai/mindflow,19b06b6f91efe1351a48e78d822d0ecded4a54ae
https://github.com/molobrakos/volvooncall,c620b0d793bbcbc716f554702de79cee01bd8929
https://github.com/uccross/skyhookdm-ceph,cc03980585852b9b438cd1a313592e959f715204
https://github.com/Fedihosting-Foundation/plemmy,b0fe29e0d43b268fa66912750d4b3aff49cdc802
https://github.com/unifiedstreaming/pycpix,a7ac32877c7b44e0016e79e796cb706575a5c9b9
https://github.com/NCAS-CMS/cfdm,9ceb39e0958433ac358399546ec96a6b739c400c
https://github.com/SasView/sasmodels,ab4e49a1b24b4c80d8cac5b757cb39c2ed75d102
https://github.com/CroMarmot/oiTerminal,fd9931bac46c02dea6edf5b6511c8ce4c15032b4
https://github.com/lsst-ts/ts_xml,2cafbb16daaba2d81fd617aa6045d0a3c180d807
https://github.com/djdt/pewlib,d1ed57d4f3f80fc17464dc3ecaf9e9719ccb14b2
https://github.com/phdru/ppu,fa35d984d2f48e35fe40ae909351e6c55fdf4bb4
https://github.com/Prince-JH/dosuri-backend,5b1d4f34d2027a616cb114cfa0222c85af02a973
https://github.com/TimDettmers/bitsandbytes,4be188389993b02443c3fd2570a4540293ee6421
https://github.com/huawei-noah/SMARTS,421761bbc485efe9993f476235af763200a17798
https://github.com/RelevanceAI/vectorhub,5466bb47b6df8636de1d1156bb4ee181acf7ce43
https://github.com/google/neuroglancer,3efc90465e702453916d2b03d472c16378848132
https://github.com/AppDaemon/appdaemon,9be468a816fb4823d28ab6a684fab6f0dca342df
https://github.com/yzhao062/combo,38d3e827b384542669552c82041a28c42d6664cd
https://github.com/classy-python/ccbv,d3391af8c3bff775488013ff62e680ace12de381
https://github.com/databricks/databricks-cli,58d8e74c854e9a7d85d5929a30ff52894040e863
https://github.com/sotetsuk/pgx,3ef6ecdd4cad9ecd7dace595d3bafb243410c1f6
https://github.com/vollib/py_vollib,9fbc623dbc8d7241b935da440a722b49186b9bb1
https://github.com/CPCLAB-UNIPI/SIPPY,1b8728b490425852a379223519bdac619f4ed873
https://github.com/keflavich/image_registration,70e3880ca5f49040660274196c413c11b982c409
https://github.com/cihologramas/pyoptools,06d1744101b76f5e515eb027040fad59b88fbaec
https://github.com/akanimax/thr3ed_atom,8695b5adf8af7fabcb89a98810e6e361353f291d
https://github.com/iwatake2222/dear_ros_node_viewer,d965aea92ea07b57c2d7f7c0f3c67f66900c0adf
https://github.com/cmu-delphi/delphi-epidata,8746ff2ef7a936bb93628bc1358471d7c6c4f5f8
https://github.com/fecgov/fec-cms,e5b7b1d5cdbc9311e810e80e4c772d7ae7bc2cfe
https://github.com/datacommonsorg/api-python,09204db25103703231c9a341ce7eedf206ed5329
https://github.com/NOAA-ORR-ERD/gridded,3d10dc00b003569c4de1784a406f9ff94a56e73f
https://github.com/grambank/grambank,02020151b9966164502b99ed2531d53fef20f74b
https://github.com/dod-advana/gamechanger-data,1e0ad440d4cf3b826c4d2118682ac9e9a2e59e50
https://github.com/dema-trading-ai/engine,6d7db164086fc11ca1da60f2d29ac54ee720724a
https://github.com/scottprahl/RigolWFM,2ee9e3970f4578526656ebd45874f8b13688a774
https://github.com/cedadev/cis,c207b4e3b47f770da404991eedeeb55422817772
https://github.com/thesps/conifer,e4c62a3ff289fadd83767f594e02679b2886dbb5
https://github.com/ardiloot/NonlinearTMM,78c030e1f84b6da03262dbf312c33cd2058ec4f3
https://github.com/jjotterson/datapungi_fed,bf4fe448db0f35f567c451f536f1d3acf6320370
https://github.com/earthlab/streamstats,add39f27accc9491c16a673571e7f6c92d75e44a
https://github.com/scottprahl/pypolar,17c36e1b143973a73d24864ab532b58c24157a86
https://github.com/heitzjon/mt-join-query-optimization-with-drl,d38a13cb85b15222c8e184248b1638b737993327
https://github.com/nomonosound/log-wmse-audio-quality,3ebe31703a8561b18306c7052a58846931eac306
https://github.com/Good-Data-Hub/taxonomy4good,e873b6942d40c9973c4268edccc0e4da2e30ee11
https://github.com/SoftwareUnderstanding/inspect4py,585ceaace3a5889110150dec1144c4a1165ac025
https://github.com/mbagagli/filterpicker,4654cf4645e3eb189ca5463ff3e1c1058eefc52a
https://github.com/collective/sphinxcontrib-httpexample,310c6708c6a02a112f48248c7b6b597612c240f6
https://github.com/mateusmuller/udemy-bot,621f5129f34b97584cac75e9348a433446809ec6
https://github.com/camillescott/shmlast,97ad4f3595d9b941cfad890b1250a8a4ec8ee79d
https://github.com/bionlplab/negbio2,7d521c73c9284fbafe4fb0b3266d4bbebf66421d
https://github.com/healthbadge/episimmer,21b3d5a499a4a502f7b1c308bea79a9dde9dcabc
https://github.com/brews/baysparpy,37c4eeca46746e9af665831dbc267e5082e300e5
https://github.com/GeoscienceAustralia/sira,4285a7906c0860b9091863533b1e81eea0a85192
https://github.com/NTT123/hifigan-tpu,982e1a6445eb5df0d4aa875a855d4cc135280345
https://github.com/ecmwf-lab/climetlab-cems-flood,43822350a7fde770e13c5f4ece03f53e52d730d4
https://github.com/liuxfiu/simulus,1998709724de07632c11d4a8c6bc0c20dbbc9586
https://github.com/UCBerkeleySETI/hyperseti,cf60d3fe13a93b083e0e2f2322abb7fa59a5d9e2
https://github.com/NTUT-SELab/ConsoleGame-ActionMask.Gym,05681138ae5741377c8731d5343182e61ba51b86
https://github.com/simonsobs/symlens,2e93220fc7b7ea2969b76af494b14480b6e7a92b
https://github.com/brews/baysplinepy,05a96dae8918e11a1ed3d7889a5931086b8e4593
https://github.com/HorizonRobotics/nuplan-devkit,d0d36d999ee6764cd7d6cc1dc6433213b61967e6
https://github.com/microsoft/News-Threads,77e8db64f71ad7f109f6a62898f521f346b28be2
https://github.com/accodev/jovabot,80828baed2f0ab9b34b9ec75cc7fe61594496f18
https://github.com/AnyVisionltd/automation-infra,6fb86ba9ae41237d67a2ca43a36af88c125177b7
https://github.com/Rasic2/gvasp,e23cbe44701fd766e16952b50a923f89615c4a65
https://github.com/lukaselmer/hierarchical-paragraph-vectors,cc631a80c60fe37d23927a877ed761228542df75
https://github.com/GatorGauge/GatorGauge,0399b45a4bb67b942ef5384b97ef5a29303dff7d
https://github.com/wojtek11530/song_lyric_classification,8eba9b21c527601b2997523e21c822d8ffdf1d8f
https://github.com/pyfar/pyrato,4e38b8182899f637982320ac569671b3298a7fc3
https://github.com/synqs/pennylane-ls,4bd2a7a20c70cf2756edda4343922b0e5a680090
https://github.com/houninghu/qd-3dt,9f7c82a9af2b8293ea577bb081a786a519ee5d75
https://github.com/Azazel0203/ocr_captcha,aaf550f1a1dfcfa383dacb49d2e07052503db7af
https://github.com/bllendev/kalibre,ae7a5e1f92fa9794580ffa1f44b3ab623c3546a5
https://github.com/IBM/apiconnect-trawler,5613569d6e455c6ba53715e781e573372868b9b7
https://github.com/carlosnatalino/simple-flask-blog,9cafd86cea9e687b7b297a8ddefd5de506476e4c
https://github.com/ContactEngineering/Adhesion,0fd0773d1d1bfe4175fe9478f6014144b2c76246
https://github.com/usnistgov/KAIROS,cbeb7a8f431c846f0238df33eea017d8b81177d4
https://github.com/sananeminli/BOUN_Carrel_Telegram_Bot,f3ac6cb43120bc4b7272770687c028a019b5c0b3
https://github.com/matplotlib/data-prototype,f68736bac9457a5bbd58b5ba36c9590a6e701397
https://github.com/McIntosh-Lab/plspy,8a0008e586029eb5766910356b5c85dbab391cbd
https://github.com/dkushche/Crypto,d6f3b119aaf88a0f4d196d9c88042355b6ed399f
https://github.com/NoorElAlfi/CC3_sub,e11df370d47d0052702d0e453f62d7d492fab6f2
https://github.com/holmescao/TOPICTrack,d5f9480025fa480891cebb55486e7de94231828f
https://github.com/openstack/requirements,2c279bd469df43206693b27fe85565028346f042
https://github.com/arm61/uravu,c41dca4c3b68272fcb1b05a6c952a9b8bf84dc56
https://github.com/CGCL-codes/Attack_PTMC,e9e6e9497cb3ae9b83842317a3714ca4c2769f76
https://github.com/jettify/ibreakdown,7ebd3e092c4556377ed035e4b9dfb1ff0a8571fe
https://github.com/Julian-Borbeck/autoplier,bf0647169913d6f5f57e021cd8ce7ac139bad62b
https://github.com/desihub/gfa_reduce,31cacd4618c821ae71814461098a3a1a4c817a15
https://github.com/wangluo2028/StoneSpider,a120989c87cbf795f0cac36abd2a449879b58f65
https://github.com/Noob-Saibot-227410/ferramenta-opensource-seguranca-aws-prowler-cloud,2c138d74cb3a715bc187362c3377152509114507
https://github.com/ArmourLuIEC/Intel-BMC,99db9aa7da31bc8e34f776c6a2cb4b31865469f0
https://github.com/XAGAH/Pipenv,226fd2578cda26e13cf0ff63212524b92fbfa98c
https://github.com/joe-opensrc/visidata,554ebdf5628eb93a7bf75de60ab25bbaa3f00f58
https://github.com/johker-8/SORTSpp,6e4d654871f5130d699de2fb3c2117256853e356
https://github.com/pe2mbs/gencrud,b388c84b098248546a47fd0e8e4645c51d296458
https://github.com/loganthomas/python-practice,a8318db11437e2dcd6cba3d463fa520941dd0997
https://github.com/th679/Robo-Advisor-Project,ceb1e78c82947f6e93e87dbbc5e4bfb67bc30887
https://github.com/abdelhakim96/drone_code,d4a8f92bb0d0956fb11388a0b6033eb614859578
https://github.com/talister/etc,048e2e39db50fdc28b4945804bf51ed6f262b23f
https://github.com/brews/bayfox,3af629b2c9e90e64ec96fe7268964f31db281e7d
https://github.com/ASTRO-EDU/rta-transient-receiver,6b2270a452cb1284e4bccaa468370318e915873e
https://github.com/ClimateImpactLab/climate_toolbox,8b3eb274c5f1c3ee83c54e9135f52a6e0e8c054e
https://github.com/LCOGT/nres-pipe,fd1043aae801aca8ae047eb2aefe68a9f1e2f4fd
https://github.com/pulibrary/prds-validate-csv,a9fcc5f2f43cc722a581370caf4468fbd4c1618a
https://github.com/umaretiya/AttritionRatePredict,1acdb8b2f26642f729d4c54dda5366799ab26929
https://github.com/inducer/pudb,e67fe5194ac756e9a8f7bf786b9c5d369e0eb986
https://github.com/scribe-org/Scribe-Data,7fd57467a1095432ea9c0f47aecd70bce53a7d18
https://github.com/Yelp/detect-secrets-server,f2a708fa1a4628a7a93039cae92ef90e8b94d9db
https://github.com/supersglzc/Franka,536e2e13b5bc7da74bcce21862f4fe00526d6ddd
https://github.com/slaclab/lume-model,2921e6583a6cfd49285833eb851b361aacf65b4c
https://github.com/shenxinyu1999/handling_imbalanced_time_series_data,d6c7e405fba59e048ad5ace445af43498b00a0f2
https://github.com/python-hydro/pyro2,493774e17d40fce5f0a12aa43c207438a462238d
https://github.com/isabelrem/2023-Software-Development-Assessment,be7778712ee60e95f151464092e53a6de7609da1
https://github.com/tobiweisss/LeBotTel,1df08ec32363b1be800693d52deb8cc2b7c8bc7e
https://github.com/OliverDrechsler/fetchmail_bot,89cca5a1dd0568cc3a616eaadbf428ac4a53b6ec
https://github.com/TransformerOptimus/SuperAGI,6c816d24decff60f5b6eec7150b7c2460b49b7f9
https://github.com/h2oai/wave,9b12c81a7e3d3b8585d5b2f0b736de1a3086d45e
https://github.com/quay/quay,ec64325edd0356471c7c3bbb4ddbc1e2f6959904
https://github.com/python-gitlab/python-gitlab,d6a7dba600923e582064a77579dea82281871c25
https://github.com/larymak/Python-project-Scripts,2642a1b2f758fe1f448a59f2bbcecfdcda7f4c40
https://github.com/nlef/moonraker-telegram-bot,b9b47003e13b8a23af696594aac8ba53c777f5a7
https://github.com/amoffat/sh,c4eaaa4491e4c97340553039320c2898b7a45935
https://github.com/danielfm/pybreaker,652bbcf2b473b51965ab6a0913599c5163440142
https://github.com/open-policy-agent/contrib,b7913622bb628177e31811edb1d5b08baab2a570
https://github.com/bundesAPI/autobahn-api,2db7a5869e70d2e16cde88b76d75722285f2d225
https://github.com/blackducksoftware/hub-rest-api-python,084b557cfc2f6c63d32faa994433bf6182639824
https://github.com/Zusyaku/Tools-Termux-Kali-Linux,9a54043b1f22802b0e00100ff139a2d604dfac73
https://github.com/pablovdcf/TFM_HADO_Cares,28d5a024b915169a039a5a84996b9ee11ee1f3ee
https://github.com/LexPredict/lexpredict-lexnlp,330b4e113c9bced0cc06f2c864c5015bb5ed2199
https://github.com/artas728/spelltest,3442bc882feff8e6aa2a11fb093f6901382c9686
https://github.com/pozitronik/sinner,c597203a83bb16cd44bf0e460f672b73a0eee95b
https://github.com/berkeley-reclab/RecLab,7c7c9547b0e75581c2fdba77e50e81b89656559f
https://github.com/mirhmousavi/Pois,2ced905ad8a7055d575fcd6990efd87e7343284f
https://github.com/evernym/verity-sdk,727c0bd7855bb620899f19d861b57ccaf3c6d596
https://github.com/pypa/pipenv,b895476bc4003bc1f544ca56a4e0708a99f5b0c7
https://github.com/kaapana/kaapana,9f6798f4a7bc65a90e2215107fbeeca488d326a3
https://github.com/SBRG/ssbio,08c1ce375a8ee6a4b77c5d2fdc93fcb5e5fe97c0
https://github.com/devsoc-unsw/circles,0d1fb25658c53a17c223d3fd4b062092a5dc601b
https://github.com/superdesk/superdesk-core,ddb35e499bf825fe1c7a81db3179f661b5db1fd3
https://github.com/kercre123/vic-yocto,cf2805a8f79b33bf8bd1031f5f8dc4d4dd4262ee
https://github.com/AutomationSolutionz/Zeuz_Python_Node,a2c28c8a061ae505fc3492580810f6e00a3fa0a6
https://github.com/wateraccounting/IHEWAcollect,13299560a9456c22dd7374b211264d84e3070bf8
https://github.com/veltzer/demos-python,45afc16bc02edd79a84057940837a52f3f9cebed
https://github.com/csesoc/handbook-scraper,480de819e45b184ecfe363d97f65ab96a4b2234e
https://github.com/HanKin2015/Storage,9dea5f87f1803dc6da75d8518356e6ed7272bb61
https://github.com/sciclon2/pagecache_ttl,0c8e18866ec93c4ee32b7805768f53ff70cc4de9
https://github.com/dhruvbalwada/sogos,19327cdb8a785f368d54bc333a0110cfe625b4e1
https://github.com/Hengle/CPPEngine,07371d0f29ee8e22b772934ad52716c5ec73fdc3
https://github.com/DervishD/sacamantecas,aea8882ec68e086572a481f170a3b25b1524ce68
https://github.com/NSS-SAT/nonsolosat-core-9.0,e5f48cd52b5383256cc046d4f1e83f4e8f93cdae
https://github.com/EclipseZ23/devops,b784f61e526f81e1ebd122e1d74cdc3067c67bf7
https://github.com/kevin0120/PythonWorld,d7a2815ce729bd5fefb6be689e87035f6e01cee4
https://github.com/dermatologist/kedro-multimodal,4777cb13bc9439a154f43fcee01e3eb5663bb4aa
https://github.com/hr0nix/omega,300cd01c5577c4a9cf21515600c31bc224dbf12b
https://github.com/Pxtri2156/M4C_inforgraphicsVQA,8846ea01a9be726de03e8944c746203936334bc9
https://github.com/Minusadd/VBLRL,6aab19c145d6c23b82459bb30dc3c41435868069
https://github.com/JeremyBYU/FastGaussianAccumulator,995c1cb53485212bc2c71dad3ed3834caaa1f45b
https://github.com/Strilanc/efficient-quantum-factoring-2019,4ce507c356433c60307d9926e444ffbebf567dbb
https://github.com/felipefg/doom-arena,cb5aeb8d540d878b3abb6261480ea628ca108364
https://github.com/HIRANO-Satoshi/price-level-calculator,e53a6456492f9d0adc3146546b86c013f97df925
https://github.com/serazing/cmclimate,a7d5077e6deab9c8bf38b8b8609ecc37c8aecd49
https://github.com/pyca/cryptography,bf9e7838c671d2123e2f896f498057b21a7ee0d0
https://github.com/Bayer-Group/BayerCLAW,a3fbc3440afc2ad16535c7bafe142d8891ccb4cc
https://github.com/msimacek/copr,5175fa2ab616b6826c575d0f165ce3ad44d4eb7c
https://github.com/HumanCompatibleAI/interactive-behaviour-design,226db7a55d64ce15edfb8d7b3352c7bf7b81b533
https://github.com/kangg18/vonx_protocol,923357256510e2484ee9179935fa1990fb1aeb3e
https://github.com/HBaraa/HBaraa-Projet7-Papy-robot,2811754d1508804d53929bf586eafef703acad0a
https://github.com/TiagoFer0128/SuperAGI,cd29fc1dea7a9173216b51ef9dca1444a75d327a
https://github.com/supfree/dify,164d0b879692111c9fc89113df389b64e8738d54
https://github.com/flowersteam/mlagents-environments,140415b209460d5c8c2e57dc91f874c24de6d6cb
https://github.com/shin-ee-chen/BLA,812685baa0c621d7fc0a4a4f4574336a63334d69
https://github.com/matanbroner/StocksPlatform,d0ac5e38b31c5e8281f2b334ca7134b6891ec6d7
https://github.com/Sasuke0713/common_words_python,9c5ab2faa475c14a17d04c4ba7c567c7b4130908
https://github.com/jesseokeya/terraform,7556d5ceb565075d30e0286ecc6a38db068941f3
https://github.com/open-contracting/standard-maintenance-scripts,ee1c18651762128eb2c9a5156f40f04f04874e03
https://github.com/cirKITers/qc_data_preparation,b0c29d7e26b52983df7b3511005228c430f414f0
https://github.com/es7s/macedon,8517f35521ec0d19e2de959ff7e35ce4db33ee9c
https://github.com/cfe-lab/MiCall,9472ae18348a2c2e68d351ecc001727d6984762c
https://github.com/illinois-ceesd/mirgecom,af8b7eebac2f0144acfd1b516cbcc952374af387
https://github.com/RaginiMedhi/py_presto,9f535a25b6cca066abc39cc8541f9036eb35b133
https://github.com/xdslproject/xdsl-typed_pointers,7643e880648264d7262879db6603495ecf5a5a9e
https://github.com/ano1herengineer/Gen_Ai,a070dbb11c4ff7faf6628aea48084f64ed0bd818
https://github.com/gnuamua/denvermesh-plone-backend,83b360b108a585b73c4b083207042b324690e9e1
https://github.com/idjoo/dotfiles.ansible,43553153161ad893c336099dc236ca3731a2fb05
https://github.com/AdrianC47/Django,509876a79b5136dcae3381891ba6713300fd6deb
https://github.com/MarouaneOulabass/servier-drug-pipeline,761f887fa83a61996ed0fd7698fc2bb3274508f6
https://github.com/ShishirPatil/gorilla,eca516a1df30699eeec090dc27b23aa5923b1d26
https://github.com/bitsandbytes-foundation/bitsandbytes,e4674531dd54874c0abbc786ad5635c92c34dc3e
https://github.com/mozillazg/python-pinyin,d9c0de098c5ce6cfbcf894e6b6696793d7c615f4
https://github.com/coreruleset/coreruleset,1eb44ca2933b0d0d1c72ee966eaa8e92520ce47a
https://github.com/gkamradt/LLMTest_NeedleInAHaystack,7b90d285651b68d39a94f3d3bd3672f84192c989
https://github.com/ctavolazzi/NovaSystem,d1ff679d080667d0e7a50dd196c12ee182335b1e
https://github.com/jdholtz/auto-southwest-check-in,98152c0d88c9d012bfc728f3eec05e655fcf7500
https://github.com/ProjectDrawdown/solutions,6b49aa3c64123db89ef31dd18a9c048a0369caf4
https://github.com/bibanon/tubeup,4ca730ca3f10ca5fe7bc10c36fe0a71ece67aad5
https://github.com/glm-tools/pyglmnet,9339c5c71c908ec31cf4bebda5d9fe47dfed4f1c
https://github.com/medialab/minet,62042f43e5344a5ebf16a624c862395938f896b4
https://github.com/kuielab/mdx-net,bbd46dbf2ceb26c3fbfbe412b5159bce2366c9c0
https://github.com/arabacibahadir/sup-res,9572f17ce94341135ad1eba237c1ced482d63c2b
https://github.com/norbusan/certbot-debian,43897c1541d9f092ebc78f557465e771494c0062
https://github.com/eric-yyjau/pytorch-deepFEPE,7f3e7751fe60b87dc02add698c451a483ca65eae
https://github.com/cangermueller/deepcpg,7f58da5423121168edabb27202c234df0f0e460d
https://github.com/h0rn3t/fastapi-async-sqlalchemy,52272ca7eed67483901782af7688d5c5c6b1edea
https://github.com/stanfordnlp/stanza-old,920c55d8eaa1e7105971059c66eb448a74c100d6
https://github.com/GitYCC/bert-minimal-tutorial,c527d20f14748df50a59e3074a6517cc76fdcc77
https://github.com/mollie/mollie-api-python,69ccca659b62f14bfc530c63208478ff4a95b8c1
https://github.com/FrankC01/pysui,8e52090c872f88bde493b1816d68fa8a50eb6b71
https://github.com/defipy-devs/uniswappy,5dd981fbd3d85f214e8f9fc3df30d6bb7e447265
https://github.com/eerimoq/bincopy,cce6da496f7280f6509b3dc008c7121fef843c03
https://github.com/n2cholas/jax-resnet,5b00735aa0a68ec239af4a728ad4a596c1b551f6
https://github.com/sepandhaghighi/nafas,ebcfc977d9765aefda43fdb7dafdf408c74da320
https://github.com/mtreviso/deepbond,a36ccb71e4457889d340920260f18666835d703f
https://github.com/open-compass/DevBench,bb593c1f9c535ff0dde0c9f4807d58c9566c3a6c
https://github.com/petermr/pygetpapers,b1591b7dac245c553faad8e27235a400fa85dff5
https://github.com/Yu-Group/imodels-experiments,a6f797d9ca41ad3fdb3aae0e5455a8dd6ddd6ffc
https://github.com/sensu-plugins/sensu-plugin-python,d41a446c59190359e413915fd5bd5128d950eb3e
https://github.com/best-doctor/flake8-class-attributes-order,8f3ac55292c6d26045584db9e8ede7d9e8cbfa9b
https://github.com/OMR-Research/mung,7aa95cef2ceb215db9278aa3dc5284bac4797b60
https://github.com/dib-lab/elvers,0e6e978877e64f3a3b70335b3969efd0771e17ca
https://github.com/awslabs/aws-emr-launch,26075673df875498bac11ba258a39b66be68e8f9
https://github.com/chriscave/mpl_ascii,6b5166788b216f94772262360f0fff67a3e8ef01
https://github.com/ethanjperez/convince,ccf60824b28f0ce8ceda44a7ce52a0d117669115
https://github.com/kirill-markin/repo-to-text,18b4b0bcd37868a146252062a455f13295dd0d04
https://github.com/subdownloader/subdownloader,3885ed8b92c5b6c90b17b27342acadb0a84b946c
https://github.com/james-see/python-examples,6e5e5b0d75b46cb9caaa88aee55715d00e58bd87
https://github.com/StartupsPoleEmploi/labonneboite,7f4c797dfea847a2e931bdb51f2a6a4601a1fb96
https://github.com/R3tr074/Burn-Byte,6e82aa2d38460ffc299c387a652a1441aef49240
https://github.com/illinoisdpi/pywbe,f2d0bb0a5f8053cda3e3ff8a82ec576b832a62f4
https://github.com/Dmitrii-I/sportmonks,805884c10d4f794ec5380dc130c3900673774fa1
https://github.com/przemyslawjanpietrzak/pyMonet,94610ee4f1c71aa5f50e0813539bf1a2ea279d70
https://github.com/timfeirg/lain-cli,7728185ca05838d185e05d2cdf5ad5bc324b5378
https://github.com/compas-dev/compas_slicer,9ce291c5ac2bb0e095b427b95f183bac1f467a46
https://github.com/alemicheli/pyndex,40b47fc800f90aec8c0291eb75a5c39bacd625d4
https://github.com/bhyang/diffusion-es,e4ad3995c5f50f1a437791e1dbc241ddf007be7e
https://github.com/quantumlib/unitary,616ac6deb92fd7fb268725424aef049d2a96027c
https://github.com/greenhost/stapled,86b9272adaf07549b7f2ecbd7950d9d327a8d06f
https://github.com/davidemms/SHOOT,35ae321e1bc9baf4dfea386315871152ee1f06c1
https://github.com/ldery/Bonsai,2f911d789e4e426e8b0850414bcdcadc9fb52ce4
https://github.com/osslab-pku/RecLicense,39d65665caadc0b0d1c3e0eae6d1949b9f8430f1
https://github.com/purificant/python-paseto,755b36c87c981e94015b288b97e4b2c807821419
https://github.com/veryacademy/FastAPI_AWS_Lambda_Deployment,ef404ad45af8976fd0bfadf8e5732744af96818a
https://github.com/udacity/nd082-Azure-Cloud-DevOps-Starter-Code,a239a572c6d6153317f29841973b49a9f78a84f9
https://github.com/pythological/etuples,179cc40aa4140ade56875418846ccfc47b1d587e
https://github.com/cunningr/dna_workflows,1fbd17d03678c247fa8e5c33ed6201528f0991cc
https://github.com/STAMP-project/camp,e8652ddf3e2e84ffbf2b9dff3fb5ee678b209246
https://github.com/smythi93/Tests4Py,0ce69815f1a8c224758d575181e72030d3309630
https://github.com/hcekne/risk-game,18ed7eba610c1f34bf924800a1b6953f27acc585
https://github.com/Springerle/py-generic-project,0f6c1315bc272c92412f5de85aeac0847f7e19ed
https://github.com/alefnula/tea,37ac77ad3f0b1db6386fccc1c6228a976093ff34
https://github.com/DIVA-DIA/DIVA-DAF,b5eec9117e223bd0dd87a03f6a620123fd3d8013
https://github.com/JanPalasek/fast-reflection-removal,1f987741440afd686c48a703e07b5e29cc8df459
https://github.com/cor3bit/pyautonlp,fd37891497c3f7598fc6acc978b7b9de26d1138e
https://github.com/gaussalgo/anlearn,40e177bfcade979bf37a4b0d3ecdda4b71d5600b
https://github.com/osohq/oso-python-quickstart,e5d474cefefa42abcddc1b839b55083c2fc6d70a
https://github.com/spookylukey/table-format,e638a2e73ffb37dc5ee3c2afc4e0ff24acbaea60
https://github.com/PabloAsensio/MonocularVisualOdometry,1bc69946c1430221280e195e2811e4096dddedcf
https://github.com/Melevir/flake8-obey-import-goat,96e59596a3f60e11b62bdcee7664547e288a1bad
https://github.com/dkotschessa/faker_airtravel,d1b3e4d802fbb6286f046ba738f8a4b3f743b43b
https://github.com/ave-dcd/dcd_mapping,5fa9f298a33ca4ae3f575e0131795ae4ba24989f
https://github.com/citusdata/tools,3376bd6845f0614908ed304f5033bd644c82d3bf
https://github.com/dmeoli/optiml,768a7ce677cce7815e86518baef60789a3eea545
https://github.com/lebaston100/vrc-patpatpat,07a6eb36414a1764140eb047e1cd1797c786a8e5
https://github.com/MikeSchapp/BabyScout,5725e4bf2cc9539b5cbf39813f3e5906184b9485
https://github.com/julian-zucker/socialchoice,e832f235250e0e75592274595914753d90b82935
https://github.com/petermr/docanalysis,1cd615d8971011ca64499b322c4609c612029324
https://github.com/RookieGameDevs/revived,b98dbc677a709be6341907f20c28fca2e4645a95
https://github.com/elijah-ward/TSO,610565a32284cab23e9262c3431ce6d34116bfcf
https://github.com/lmdiazangulo/MCFNL2024,ff9cb1fec80467b839456af451ba14f4fedf70c1
https://github.com/tactlabs/kaipullametrics,3c4e46e913ad7b4bd11d9a0856620b855569cb6f
https://github.com/nel215/change_finder,b2da60ee277f4ed68016a3d4a6a39820381062ea
https://github.com/lucaswerkmeister/tool-lexeme-forms,309b33b80bafe442e7370bd4f0335680e717b9a6
https://github.com/Demfier/PsyNLP,e16952ce1bbbe9724071a009743654d11ae386d5
https://github.com/sanjeevs/golftracker,e671b8033d54b4fb63df7f97a39eed2cd9b7b477
https://github.com/ChenyuGAO-CS/SMA,a1e2b4c5e527e285815ce521a1b77e3ff6cba024
https://github.com/lovettchris/wincam,bb2bf43c7575b90b7607bcca245b91bf4d13c8fd
https://github.com/ADACS-Australia/PyFHD,2c6a3aceb268339a0b4b947e3ded8653bbbb4edf
https://github.com/myQLM/myqlm-fermion,f0e08dc77bdf33643043849a3c86b634e4e29e42
https://github.com/ckassaad/EasyRCA,2317c857fb18b3b6c1f6a35dd8b7bf77d290279c
https://github.com/shuaiscott/edlstrip,3d02c420e4b1172ac9f614df49c0424b079eba26
https://github.com/ClusterHQ/gentoo,788ab0efedd847a20fd99d952fd611ce2f98aaa9
https://github.com/hpi-www-midl-text-localization/text-localization-environment,196c112426facf2fb1e4aa14ce0991f7d5d80378
https://github.com/brdhunga/rake-resume,19fff7fba994ecbe9842723ccc46d4a76ac3f5af
https://github.com/kshitizgupta21/triton-trt-oss,447a26527bd08b6b1bdbe87b20de421fa2b2c86a
https://github.com/AIcrowd/aicrowd-cli,4b774baf0359de5c4bc8f9a3b65ac1d9f4677b52
https://github.com/3D-e-Chem/kripodb,618cc4ae3cb55d9cba2cc297e9c05212353b218e
https://github.com/dslab-epfl/svshi,61abce5f771222ca51920235383284192f1513ab
https://github.com/alcides/aeon,bbf866faa105cef46c4dcdb81595b135f9e84494
https://github.com/HeinDuijf/OpenMind,fc0c4bb72d5321712de81a27abe2361e694f4baa
https://github.com/RoboticsLabURJC/2020-tfm-pablo-asensio,db4d0b1ac353da099cb3dc3a96473b1e2b36f0c2
https://github.com/mozilla/fivetran-connectors,7ad4dc5528188e3a831af25b15a6be296e621e01
https://github.com/mbsantiago/metamoth,2ae5084fc1569d203014a2e2aa9fd2005c1a89c2
https://github.com/mcellteam/neuron_launcher,6f48f259cc53537b8f3d198659ab833161df1f11
https://github.com/ferraric/Computational-Intelligence-Lab-2020,08510c4ad70ae9492d8670e42087808c913f5c47
https://github.com/PennLINC/fw-heudiconv,ad06d0e65196e815fd5e1d62bf66ed3008f058a5
https://github.com/UIUCLibrary/Speedwagon,05810a9e6a569bcdd3a4e6dd745f4285e1a63a46
https://github.com/jgressier/cfdtools,f0b10c0c93a16e5a4b432836954f491dc71abf6a
https://github.com/Marcus9512/Recreation-of-U-Net-Convolutional-Networks-for-Biomedical-Image-Segmentation-,e656ad13c4f0ba4940a0a46f1c211b3181218d8f
https://github.com/SaILaIDiN/Spine-Detection-with-CNNs,bdbf10b47fd08cfe7d0b18cea57d4aa3ef054791
https://github.com/LanLi2017/2022Fa-Showcase,56821e8c576dc88f2248a482921ef88e0bab6e05
https://github.com/self-supervisor/Escaping-Stochastic-Traps-With-Aleatoric-Mapping-Agents,cbeba7cec6231f5f52f40447497d5a73b2580cad
https://github.com/Sudarshan-gurav/lazypredict,158e49edbf69a764399d45016ed65844ce0b9fd1
https://github.com/andgineer/hrcomparison,f1d661c73a1af06e7720e481f3bd2e1c849edcf3
https://github.com/gregorybchris/jsonvl,bece787c767c49ab32cb7d499a1ab71657827cb7
https://github.com/yi-jiayu/nlbsg,0b6589706aab334daf768ecdaa8975ead8ea028e
https://github.com/csci-arch/stibnite,6c78f941d2e7c5523072bbd27199c66ea584c472
https://github.com/biopackathon/python-packaging-exercise,9dce2cc7422dc809d08732df6e2c36f571bb221d
https://github.com/AlexOrlek/figleaf_fasta,2ac9d84aebf466bb32e2eb7953da4761cc00e6e1
https://github.com/tykling/mobile_modem_exporter,29fd40c02208d88642908fb2b416dd307f32e6c2
https://github.com/EndurantDevs/botstat-seo,8193bb804cac789087130a6c9e9d0ad988bad0ac
https://github.com/MarcoMuellner/SMURFS,7c91d0274637fcf5ca068dc8fa44272002e0f396
https://github.com/AdarshSRM85/Glamix-Fashion-Recommendation-System-,ddc689b4844cab967eb40485707403375a7d56f8
https://github.com/Genentech/data-detective,2523878a31c98f8f622b32ccf66916b44c82b19e
https://github.com/zurutech/reqompyler,433e92b1771bf049e0ce7d338def83250ed1acf3
https://github.com/gilbertohasnofb/auxjad,77f4a95ce17e19658a8ebd2b746e886f8016c277
https://github.com/matthewdeanmartin/pypi_librarian,4bb90cfc1106fdb0be7e992d8da2b5b6b364d271
https://github.com/broadinstitute/gnomad-project-template,1f6255161a0f021e3ade2e4330616fd193423c66
https://github.com/neuroscout/pyNS,304b4c9ba454188b9e43efabb4c2c7ff2fac90a6
https://github.com/thatcherfreeman/rgb-matrix-finder,6bd9dbc5e2fa24ab54199dda0b6c18de2e6e0429
https://github.com/sr-murthy/oedtools,f38d7bef1ffb094b09e779db5b741e63926d2d1e
https://github.com/raphaelm/cockatiel,3b33dced0f465379ab682ef975916b891b869e88
https://github.com/QuCoNot/QuCoNot,0469141011f003feb1892de681d485f17f797c70
https://github.com/squareben1/algorithm_timer,62199b146a1c3ba9be5f8fadfd02cf05050cacc8
https://github.com/Ashut90/mongodb_connectorpkg,f777e21d50f1c346fd114d88b294cb4b10a9cbde
https://github.com/Sethjsa/LLM-Dom-Ad,d2a7be5bdb6321a882d0840c951af4bec0c22535
https://github.com/yishunlu-222/AnACor2.0,80ab1fd46cfa237cc536ec4f846465b863b81399
https://github.com/D0112/Llama3-Chinese-Doctor,9b0c0f1cb78881cf2ddebe4a2f1b21dc285219c1
https://github.com/mmore500/curaitor,eef5e6a023f4b2d654492db737bce5f833620674
https://github.com/mohsinkhn/seti-kaggle-tezdhar,dd3b1dcb8729ed73c5bb6ce0041cd385c412156e
https://github.com/BYUCamachoLab/sky130ph,b996adf0d6daaf25eb3c3daae6d0e5d2ae9a1187
https://github.com/MicaelJarniac/BuildURL,6284ff5bae3497cd7106374a270d7eea96e4f38e
https://github.com/rado0x54/python-carson-living,ad2970bfd27e892319a83260b7e4ac556a6813a0
https://github.com/JuliaPelzer/Dataset-generation-with-Pflotran,c4a73e5d1effe8a77f0d71f47201b2faed9b19c5
https://github.com/ffreemt/light-aligner,fb1c3f2e7105c9f3ff4f5b3a93b817fd81ca7a9a
https://github.com/WizeCommerce/medusa,9d71aa77962e7cdb2f79e8473d1f1c717be4e8e3
https://github.com/mattkinsey/bucky,24fc3f3749dbec1403313612e89ee898e3ae34f1
https://github.com/inwaves/ml-training,0a03e48182f68eea7f6f139ad5380da1dd9292ec
https://github.com/isobe-h/pukiwiki-to-growi,8e3843504c4ee91082a7eb39e120478217597b70
https://github.com/mikespub-org/mp-fs-wsgidav,198f9f7c058e9afc45f7e539b0ee8e0e4c0137ec
https://github.com/amulet1989/Financial-Advisor-Chatbot-using-chat-conversational-react-description-agent,5b08c0c8393f8808a6671883a872c24a65991f2c
https://github.com/ozymand1a/qa_bot,1dbb6cd11556ead727221130cbaba2213272a423
https://github.com/Steffen-Wolf/picasso_training,53d3dcf488cc63c91cbefa35a1f4a691ae3e2a90
https://github.com/Kimho666/MXQ,077ae4311771ca927d241ff29e0b289e87881a80
https://github.com/msr-fiddle/mgit,f39282c6462254a4b37cf1ca135033989e1df5f3
https://github.com/erhsh/erhsh-python,aeb04352948a2e1f8125a2681b80104b5146bff8
https://github.com/lanl/PLEIADES,44107b607e9393a469c8b10af27c3966fa950db7
https://github.com/haomiy/Smart-Bartender,52e9ff7e7ab8ffc13e248f20cebf110ed9897a5d
https://github.com/Juungle/juungle-python,c74863655c202eeabe855da65ad5787b9034f4c3
https://github.com/gogoair/pyasgard,c8504e99a7cc45a4310d065c6f77ce4fdcdb713c
https://github.com/maurobaraldi/python-algorithms,86b5aa71b45e19666609c97af159bd3eb0e5bbec
https://github.com/movnetwork/py-equity,cb16504075d6783841ffe757f45af5b17c1ed302
https://github.com/4dragunov/praktikum_social_network,c5a521df9bd5641ec2946edaf4fdc0922f32accb
https://github.com/je-l/fmi.py,cac0745b8b57879a5ccdd714673efbf9032f4f85
https://github.com/rhodrin/ci_mpm,336efd14a401f4401ef8781ccad937a3bc886c08
https://github.com/AdamCorbinFAUPhD/derm_ita,af89e9ef14f3708998a3d4282807ac02b9638e22
https://github.com/AlvaroRodriguezGallardo/src-brokering,73a95073a614e3461d90b0225393d315e9d84f98
https://github.com/29-75/popular-day-news,4564e6f0139ecf015ff42cc842e030016d49c52e
https://github.com/openSUSE/backlogger,f1b966efee4b101c56da9f51e509a8f4561dcd24
https://github.com/MaxiSim/Tp4_33661_34334_34337_34498,63aa026a27e5f00ea4bfb4fe2626b6949fd70344
https://github.com/AATools/mq-metrics-pyclient,69c73d638ce28bf8b4de7ade69ebc9c970de5978
https://github.com/aidiss/opendatagovlt,9ec5c7c45cd97bfab506e7001e351a61bd8972c7
https://github.com/davengeo/devops-tools,c4e9d2d70eb82dc3a7c3ec82f4aa927bfb322a47
https://github.com/opnfv/daisy,7c525d126453994f720897a9845722557ba3a165
https://github.com/jfallmann/RNAmediator,8271f86f8bbf2f9bc8ba4314369144860790237d
https://github.com/methylgrammarlab/deconvolution_models,e89ecea7dcc99ace1f3befc6a30da6c6822f6392
https://github.com/Global-Solutions-Alliance/model-engine,cef9cc5320bd709ced26dc6f4b787b818235e7cc
https://github.com/DamLabResources/fig2pptx,6691722c8e4f71c42be894c955ae90c47a5efa36
https://github.com/Myliu0401/admin.net_web,891c6d311c9abdcda9567ae15e08fbec541cdebe
https://github.com/beiyuouo/fedtoy,19f722ad9782fd81d94d45fe1e311614d3937a53
https://github.com/Krebs-Busters/zone-segmentation,ce8378d9342020c6b5acac4191363cad9a4d835e
https://github.com/jataware/pycubedoe,5bf9a1fda6c4aa9d828023a2b057c5b7f2ba3c2d
https://github.com/chensteven/wecloud-mlops,70b783c302d10c1c04d7391c235371806816e309
https://github.com/reachtarunhere/lightning-hydra-template,4925f0e9a356600ffd741b3199c07b499601f840
https://github.com/oliverYoung2001/EasyContext,3f1810ad70abf642b15158ab88602c562eaa20d4
https://github.com/bitkarrot/0x20bf,d5c6c61289783cb69adc44622551eb0ced99f97d
https://github.com/criteo/afk-saltstack,3edb41686ee5a858021fbf9a94ddbcec96cbdef9
https://github.com/thiago-ndev/search-job-app,368e860b0043c389611abe01401553577c00a2ec
https://github.com/HosseinTahami/Learning,bd2a0eae7c7bc9abdb304a51ef7feec3f97f7bd3
https://github.com/bbugyi200/vimala,07a0cd8412475ffc7f831478f3138795f25e64b1
https://github.com/VICSES/python-viper,ff18c9d526843fed2a4c10bf829f894477a7145d
https://github.com/sparrovv/save-the-price,6e2e9f49bf02ea6b4ba0c79fac977ff867e5e1c8
https://github.com/jattoabdul/ABDULQAHHAR_AMINUJATTO_PythonDev,e0adcd95a2ef4f504e28800a5f4484eeecb2e359
https://github.com/NoDataFound/SW_HAX,757cbd0b7add35bcf3066bf1ac7a0ec87a4de9c4
https://github.com/lsst-sssc/lsst-cometary-colors,6660bd6be3c4089e55c0fb5fe8005c99e895f659
https://github.com/Arpitpandey992/VGMDB-Auto-Tagger,532a1779e3676aa44de17ddef62b6bb6dc3b519d
https://github.com/ollij93/griddlers_solver,799cb07327433d1583f3ce0fe485ce312fc2e1b7
https://github.com/0HugoHu/HugoHu-Python-PySpark,57848da33051e914d3b93d103068f7a9e2643ad0
https://github.com/yheechan/WALLY,bd370c03dc09688e409d90facd1199b1b62c28d5
https://github.com/awslabs/measuring-fairness-of-rankings-under-noisy-sensitive-information,453eff0f69fcb272052c32bd9341eb043aed96b4
https://github.com/Cowgirl-AI/template-repository,5dbe15190f25a69856980f95e15965fbbc19b14e
https://github.com/LSDOlab/lsdo_acoustics,095c95ac463b894ae6a2affec5fc975138332227
https://github.com/nelhage/xformer,547c70ea69c15c5f4c744bac180e242f35494082
https://github.com/franioli/python_project_template,bb23ce49e747e0a19b4cb0d20b0037b32efbe36b
https://github.com/os-mey/MazeForge,2a8f6d9c88b01bd1d88000b12548c3803de2c2d3
https://github.com/blainefreestone/vado-tecum,3efce9ef9a92a14e6cd4d1651678971e01bf0f4f
https://github.com/UMCUGenetics/clarity_epp,eebcbb689994a0458982e948417f37fc0af9babb
https://github.com/ClaireRuysschaert/P11_GUDLFT,77b04ea398ee9429b4b27b76e37c8f82a11bed0b
https://github.com/cdleonard/tcp-authopt-test,a16565da0ac8573efb38fe1c0f4a63075fd27f38
https://github.com/tykling/qwiic_exporter,335b661efacde28a17d84bf79d39aa4ab1f9da66
https://github.com/rocklandceo/medium-api-converter,56fc0eeb28fbb26f2f431e07c7bdae9a377de7f1
https://github.com/k0k0icr4n1/wifite2,d44a9f4da96f90aa226198a1f0ca9ce051361835
https://github.com/emirtuglu/Web-Application-Fuzzer,5ec1af07086aabac8c231f426c64db8d19eee2d9
https://github.com/Ahmed-Khaled24/Gobblet-Game,d13db1d7ff20d07b9fe094a880293934cabd780d